Ticker,Market Cap (USD),Volume (USD),FDV (USD),MC/FDV Ratio
BTC,1345556666723,61140063755.0,1345556666723.0,1.0
ETH,226356296799,26504334336.0,226356296799.0,1.0
USDT,187851992130,95285947610.0,193311528417.0,0.9717578339393033
BNB,86681780485,1921487821.0,86681780485.0,1.0
XRP,77065784148,3207058643.0,124326252861.0,0.6198673439805313
USDC,75918671505,21822502654.0,75952536807.0,0.9995541254654067
SOL,43496690884,4371562521.0,47197438027.0,0.9215900841718796
TRX,31596577668,706714564.0,31596838901.0,0.9999917323058545
FIGR_HELOC,19027637349,62178279.0,19027637349.0,1.0
HYPE,16262967657,1643759859.0,69842335241.0,0.23285257574625087
DOGE,14538374399,1429064188.0,16016591800.0,0.9077071190014345
USDS,10965045145,51956228.0,10965045145.0,1.0
ZEC,10331193792,1417247771.0,10331193792.0,1.0
LEO,9286167622,250686.0,9939455049.0,0.9342733154102119
RAIN,8728318238,58065315.0,16119029392.0,0.5414915517389609
ADA,8063087357,679977786.0,9767992231.0,0.825460050163711
XLM,7769937400,694049049.0,11527164511.0,0.6740545250816365
XMR,6329175090,186421170.0,6329175090.0,1.0
LINK,6206981304,410945725.0,8536627089.0,0.7270999704318933
CC,5835519501,22219124.0,5835519501.0,1.0
WBT,5808956346,137609988.0,14447053497.0,0.40208588880814056
TON,5394190714,396177981.0,10480204410.0,0.5147028152287728
LAB,5100765203,174627775.0,16320211031.0,0.3125428460031045
BCH,5041826323,425705672.0,5041895500.0,0.9999862795648977
USD1,4670021890,1814829981.0,4670021890.0,1.0
USDE,4506621053,92928134.0,4506621053.0,1.0
DAI,4358629728,271816003.0,4358629728.0,1.0
M,4337028417,9172937.0,17817609888.0,0.2434124691393625
HBAR,3835932837,110041816.0,4421975744.0,0.867470347888005
LTC,3735010470,443381979.0,3735267987.0,0.9999310579586536
NEAR,3702529069,1221982023.0,3702529123.0,0.9999999854153747
AVAX,3586964294,266513547.0,3850056716.0,0.9316653126415917
SUI,3365068028,790317535.0,8351709164.0,0.40291968529089933
SHIB,3121224947,93559149.0,3122584308.0,0.9995646679589988
PYUSD,2987906355,172441707.0,3000357919.0,0.9958499737910769
USYC,2971119897,562825.0,2971119897.0,1.0
CRO,2850528680,11530529.0,6276678301.0,0.45414605358153437
XAUT,2715983937,248032795.0,3136676750.0,0.8658794493248309
USDG,2616415200,98016500.0,2616415200.0,1.0
BUIDL,2421243642,0.0,2421243642.0,1.0
TAO,2254893183,309939204.0,4933868324.0,0.45702338103176343
USDY,2126707158,5067581.0,2126707158.0,1.0
PAXG,2065283410,150906976.0,2065283410.0,1.0
MNT,2019870872,46976628.0,3804087517.0,0.5309738177614066
ONDO,1996159180,410801596.0,4099452933.0,0.486933064636798
WLFI,1909103769,46332348.0,6008457297.0,0.31773609674370296
DOT,1877384572,215402738.0,1877384572.0,1.0
RLUSD,1806491657,188347162.0,1806491657.0,1.0
UNI,1785660254,180054825.0,2565716539.0,0.695969420961822
OKB,1771777729,27685071.0,1771777729.0,1.0
ASTER,1747388277,224938310.0,5298009852.0,0.32981974851186063
ICP,1714040635,224352811.0,1714040635.0,1.0
USDF,1627956096,1932687.0,1627956096.0,1.0
HTX,1592833023,14603813.0,1592833023.0,1.0
SKY,1573397208,13812885.0,1587187514.0,0.9913114828094597
WLD,1533094340,637406115.0,4541766586.0,0.33755463011370174
PI,1480059430,19612808.0,2277014508.0,0.6499999999121657
USDD,1415165656,4151096.0,1415408905.0,0.9998281422427535
BGB,1356390649,18409639.0,1770945639.0,0.7659132042957079
PEPE,1351249772,275919811.0,1351249772.0,1.0
BFUSD,1317495671,3546736.0,1317495671.0,1.0
MORPHO,1263387614,18772866.0,1980750473.0,0.6378327968219548
ETC,1234866096,61070547.0,1234866096.0,1.0
AAVE,1153203242,277590498.0,1215504545.0,0.9487444919426443
RENDER,1149321900,196109131.0,1182024379.0,0.9723334987154271
H,1103712589,267815468.0,6047740214.0,0.1824999999909057
QNT,1094726747,28463074.0,1099868892.0,0.9953247654903218
KCS,1030862279,4163749.0,1088279128.0,0.9472406963225339
DEXE,1025187000,53978666.0,2116237246.0,0.48443859587943383
ALGO,1014439466,53782497.0,1014502893.0,0.9999374797248607
USDTB,1010455841,6361908.0,1010455841.0,1.0
EUTBL,1001809125,0.0,1001809125.0,1.0
POL,994728960,99513558.0,994728960.0,1.0
BCAP,976453815,0.0,976453815.0,1.0
ATOM,959978220,41389231.0,959978220.0,1.0
USTB,927905856,0.0,927905856.0,1.0
ENA,925113223,396924075.0,1537318147.0,0.6017708337114946
U,919582876,11744957.0,919582876.0,1.0
VVV,904569511,97539772.0,1552573411.0,0.5826259193872025
STABLE,881162101,18774202.0,3789256110.0,0.23254223927344939
JTRSY,865179265,0.0,865179265.0,1.0
KAS,837040643,15255853.0,839062006.0,0.9975909253600502
NEXO,805349461,9902991.0,805349461.0,1.0
JST,753601927,32244183.0,753601927.0,1.0
GT,720199860,4948555.0,820443503.0,0.8778177380484419
FIL,708156954,138856169.0,1760437482.0,0.4022619157116992
APT,701309533,96921190.0,1029473051.0,0.6812315604753019
INJ,693442241,225566957.0,693442241.0,1.0
JUP,675041215,39343517.0,1395177700.0,0.4838388794488329
XDC,632958758,14955220.0,1207920287.0,0.5240070597473127
币安人生,631411945,49786179.0,631411945.0,1.0
NIGHT,629620922,43610924.0,909889729.0,0.6919749744751762
FLR,627906617,4645302.0,769674898.0,0.815807581397828
PUMP,614986101,79969015.0,1509300562.0,0.4074643026602146
BDX,605370722,11122002.0,777449775.0,0.7786621611666168
ARB,599067477,84892872.0,957616003.0,0.6255821489232151
FET,596972938,241977011.0,717352552.0,0.8321890489350346
GHO,583584024,5389432.0,583584024.0,1.0
HASH,569840882,10381.22,1007290675.0,0.5657164273857692
USD0,553149549,399280.0,553149549.0,1.0
A7A5,513831703,2878.09,513831703.0,1.0
OUSG,509569427,0.0,509569427.0,1.0
YLDS,509399905,18463043.0,509399905.0,1.0
DASH,508897854,123288046.0,508984190.0,0.9998303758708105
APXUSD,506941757,53109597.0,506941757.0,1.0
USX,498382958,5216930.0,498382958.0,1.0
TUSD,493962337,28163833.0,493962337.0,1.0
VET,491001684,20054277.0,491001684.0,1.0
VIRTUAL,478656398,143644786.0,728564046.0,0.656986027004687
TRUMP,476450799,123985712.0,2006834973.0,0.2374140402226287
KITE,460525007,30353848.0,1974615771.0,0.2332225913331875
BONK,454372741,46770462.0,454372741.0,1.0
PENGU,451245604,111735792.0,570876092.0,0.7904440391243429
EURSAFO,446327053,0.0,446327053.0,1.0
CAKE,437828981,40578962.0,454556565.0,0.9632002146971521
JAAA,434783000,0.0,434783000.0,1.0
EURC,434601039,33173890.0,434601039.0,1.0
SEI,432410960,99850013.0,642194495.0,0.6733333333852387
SIREN,418668819,14457847.0,418668819.0,1.0
STX,407244610,13738021.0,407244610.0,1.0
LIT,407121689,127675130.0,1628486755.0,0.25000000015351675
9BIT,407002026,10107671.0,496343990.0,0.8199999077252854
LUNC,398813785,34903962.0,465044159.0,0.8575826129234321
PRIME,395857282,8806973.0,395857282.0,1.0
ADI,391883617,1848629.0,3766825394.0,0.10403551426201307
CHZ,358439544,92271320.0,358439544.0,1.0
AERO,358361918,23115849.0,724544027.0,0.494603370734847
TIA,343277520,46760774.0,433893349.0,0.7911564461431743
BEAT,343272574,12863031.0,1191849690.0,0.28801666592706
KAU,340334905,406926.0,340334905.0,1.0
FDUSD,338882715,84573208.0,338882715.0,1.0
SUN,338697113,68424268.0,350508297.0,0.9663026978217295
XTZ,332956199,12378650.0,339079081.0,0.9819426135580449
CRV,315996325,43046107.0,496018349.0,0.6370657973380739
PYTH,314634488,14722526.0,399536774.0,0.787498194096146
USDGO,311542924,6727273.0,311542924.0,1.0
ETHFI,310632361,42069625.0,352208086.0,0.8819569264517113
SPX,309771046,10113548.0,309771046.0,1.0
ZRO,295575116,49517458.0,1171375500.0,0.25233165283036907
UB,295064488,47010901.0,1180257954.0,0.2499999995763638
PIEVERSE,290654270,52287167.0,1077494976.0,0.2697500002078896
BTT,290568554,12900369.0,291440554.0,0.997007966159713
USDAI,289007434,180352.0,289007434.0,1.0
BSV,288203412,12176947.0,288203861.0,0.9999984420750005
GRASS,286687422,39441324.0,470277533.0,0.6096132642594262
GNO,286590325,2926186.0,325721533.0,0.8798629994167441
JTO,286350158,105389743.0,598221835.0,0.47866885032706974
2Z,281183481,6275883.0,810241052.0,0.3470368235550721
OHM,279172759,206161.0,369994415.0,0.7545323596303474
KAG,278859201,497482.0,278859201.0,1.0
ZBCN,275218970,11889275.0,280967406.0,0.9795405592348316
FRAX,273658800,3918943.0,273658800.0,1.0
OP,272148079,89559408.0,543022722.0,0.5011725439363843
NFT,271530005,14518013.0,271530005.0,1.0
CFX,268411308,11164560.0,269639534.0,0.995444933531149
FLOKI,262360978,31628589.0,271820627.0,0.9651989287773955
LDO,261976698,37750122.0,310196555.0,0.84455063661168
GRT,257701022,19408487.0,257710451.0,0.9999634124267627
JASMY,257644321,16849443.0,260536276.0,0.9888999910323428
KAIA,257602395,12601498.0,257602403.0,0.999999968944389
DCR,256457599,1858057.0,256466751.0,0.999964315062423
MON,250144979,57760855.0,2129807760.0,0.11744955751311564
RUSD,249956262,132628975.0,4999125230.0,0.0500000001000175
XPL,239729695,75742253.0,920639504.0,0.26039475164645987
IOTA,238597428,12082790.0,261671413.0,0.9118207650753198
PENDLE,237838770,63293017.0,392424985.0,0.6060744832544238
STRK,233764013,26910740.0,367833369.0,0.6355160589032911
APYUSD,232584349,13707198.0,232584349.0,1.0
COCO,230944756,185844.0,230944756.0,1.0
APEPE,230924219,37584413.0,230924219.0,1.0
B,230545636,4000530.0,230545636.0,1.0
TEL,226612477,2087211.0,238345671.0,0.9507723637237783
ENS,225059943,24592588.0,556959851.0,0.40408647516677104
FF,219868443,30481897.0,939608732.0,0.23399999969348945
EDGE,218419886,33366332.0,624056816.0,0.35000000064096726
USDA,216908298,6983.18,216908298.0,1.0
USDM,215740933,2819767.0,215740933.0,1.0
AKT,211883849,9186196.0,213572003.0,0.9920956212598708
BILL,209524590,64317947.0,862951359.0,0.24280000004032673
GWEI,207520842,3803710.0,988194484.0,0.21000000036430075
PC0000031,202500000,0.0,202500000.0,1.0
NEX,200262582,17932391.0,333770971.0,0.5999999982023602
AXS,199562804,30370512.0,310765127.0,0.6421660175531858
CRVUSD,198643109,59527395.0,198643109.0,1.0
ULTIMA,198315341,11878991.0,234115685.0,0.8470826762418759
GENIUS,191388038,67883928.0,544399440.0,0.3515581096115749
REAL,188737943,5859609.0,188737943.0,1.0
WIF,187042278,55527454.0,187042278.0,1.0
THETA,187020286,12526136.0,187020286.0,1.0
TWT,184813566,10039358.0,443570409.0,0.41664989875372865
ONYC,183527214,2742373.0,183527214.0,1.0
NEO,181871108,11154063.0,257863474.0,0.705299999177084
REUSD,179880169,917799.0,179880169.0,1.0
RAY,178902366,23369121.0,369141085.0,0.4846449589863453
HOME,178101292,62039422.0,464410148.0,0.3835000005210911
COMP,176161347,14528039.0,182207176.0,0.9668189303367503
WFI,172556216,3360928.0,2041014514.0,0.08454433558231914
SAND,168450046,32266306.0,189462071.0,0.8890964038918375
XCN,166321762,4842217.0,230842679.0,0.7204983182507598
SYRUP,166171140,14777205.0,173549706.0,0.9574844223590906
PC0000033,162500000,0.0,162500000.0,1.0
USTBL,162420798,49.95,162420798.0,1.0
MX,161725829,8868056.0,720293998.0,0.22452752549522145
KOGE,161584803,773010.0,161584803.0,1.0
BORG,160154605,410425.0,160154605.0,1.0
SATUSD,158395556,13632.98,158395556.0,1.0
USAT,157310622,3055736.0,157310622.0,1.0
TRAC,157005245,5368488.0,175513448.0,0.8945482342754727
BTSE,156797140,3876267.0,193503256.0,0.8103075020091651
BAT,156698339,16464100.0,157146241.0,0.9971497759211434
MANA,156516329,14690606.0,177388551.0,0.8823361379168152
EIGEN,156223484,31692339.0,384706331.0,0.40608503528890455
APE,152385194,53049691.0,152385194.0,1.0
ZANO,151796660,1646272.0,151809696.0,0.999914129332029
EURS,151215682,244891.0,151215682.0,1.0
USDAT,150664779,7793405.0,150664779.0,1.0
CFG,150249923,12985435.0,177023063.0,0.8487590286470187
GUSD,149501372,2183974.0,319383397.0,0.4680937500329737
DYDX,149404520,10278904.0,169687644.0,0.8804678789694316
AR,145794465,37481806.0,145794465.0,1.0
FARTCOIN,145642932,54340533.0,145642932.0,1.0
GALA,144536418,32204925.0,144536419.0,0.9999999930813285
S,143719598,26824602.0,147544316.0,0.9740774968247506
SAFO,143112945,0.0,143112945.0,1.0
IP,142320997,30050834.0,412226593.0,0.3452494317852027
RUNE,141711978,10749265.0,145745707.0,0.9723235141327353
CRCLON,139403431,3854789.0,139403431.0,1.0
NUSD,139342420,1612659.0,139342420.0,1.0
STRCX,138604710,1148690.0,259556446.0,0.5340060404433185
SKYAI,137036590,112375376.0,137036590.0,1.0
SFP,135636849,2172972.0,135636849.0,1.0
PC0000097,134000000,0.0,134000000.0,1.0
FT,132865872,353443.0,1025682750.0,0.1295389553933709
TAG,132739408,3517513.0,494282860.0,0.26854948601697415
FDIT,132551856,0.0,132551856.0,1.0
CVX,131948230,11692008.0,145982076.0,0.9038659650243637
SHFL,131439767,590969.0,285551527.0,0.46030139772287054
IMX,131167949,12930194.0,311398404.0,0.4212222905291448
VSN,130459527,1347844.0,148028258.0,0.8813150189202389
XEC,129886839,3776703.0,129886839.0,1.0
GLM,128534795,7700329.0,128534795.0,1.0
AUSD,127399382,17147837.0,127399382.0,1.0
ZK,125991369,15070510.0,272668519.0,0.4620678964409529
OZO,125371168,169364.0,130468125.0,0.9609333160877417
FRXUSD,125317274,22243433.0,125333707.0,0.9998688860291989
WEMIX,125294410,1213726.0,149740694.0,0.8367425490895615
THBILL,125183118,113957.0,125183118.0,1.0
TIBBIR,124015670,1669213.0,124015670.0,1.0
EURCV,122871412,32721679.0,122871412.0,1.0
RAIL,122000863,1813805.0,122000863.0,1.0
A,121821492,10773567.0,155479686.0,0.7835203114572794
CASH,121253550,20550865.0,121253550.0,1.0
AB,120468172,1850965.0,120468172.0,1.0
CHEEMS,120332567,992306.0,120332567.0,1.0
NXPC,119485903,11778147.0,422444576.0,0.28284397477978274
NOCK,116522193,3614846.0,229450469.0,0.5078315747526321
USDF,116282244,261947.0,116282244.0,1.0
1INCH,114770759,12804873.0,122481024.0,0.9370493097771619
ACRED,114508926,0.0,114508926.0,1.0
PC0000023,114500000,0.0,114500000.0,1.0
HNT,114406439,6318686.0,114406439.0,1.0
KAITO,113794622,15630511.0,471416156.0,0.24138888867440514
SAHARA,112662564,53155965.0,330681692.0,0.34069791804500626
WAL,112471195,17915023.0,234010288.0,0.48062500141019443
ATH,111675414,17195846.0,233018145.0,0.4792562999761242
PC0000015,110225974,0.0,110225974.0,1.0
GOMINING,108882926,13078337.0,108882926.0,1.0
PC0000085,106500000,0.0,106500000.0,1.0
RIVER,105929936,13691363.0,540458858.0,0.19599999968915302
BMX,105041164,9612422.0,197885100.0,0.5308189651469464
BANANAS31,104331247,9979774.0,104331247.0,1.0
MUON,104288038,10348237.0,104288038.0,1.0
EGLD,104164739,9310202.0,104164739.0,1.0
TKX,103763623,5664.94,129711018.0,0.7999599771855926
AWE,103529715,4297841.0,103529715.0,1.0
SENT,103388992,13564995.0,490809149.0,0.21065009120276199
STAC,102135592,0.0,102135592.0,1.0
FLUID,102007041,2538385.0,130867186.0,0.7794699658323822
AVUSD,101712106,18480.18,101712106.0,1.0
ZEN,101229670,23335083.0,117440140.0,0.8619682333484957
DAI,100700453,787792.0,100700453.0,1.0
USELESS,100612294,35527580.0,100612294.0,1.0
DUSD,100507060,2269592.0,100507060.0,1.0
RAVE,100471995,11599247.0,397939535.0,0.25248055587138385
PC0000077,100000000,0.0,100000000.0,1.0
UUSD,99772145,2769722.0,99772145.0,1.0
LPT,99187054,17780929.0,99187054.0,1.0
RLB,98798394,528098.0,98804919.0,0.9999339607778029
RSR,98574080,7188254.0,157584458.0,0.6255317386693046
SOSO,98144568,2863262.0,314564363.0,0.3120015473590058
FORM,96663728,5171330.0,144869288.0,0.6672478986712491
SNX,95491016,8395186.0,95608436.0,0.9987718656960355
SHX,95124015,914993.0,539155211.0,0.17643159717137558
ARKM,93669614,19583240.0,146167759.0,0.6408363557109745
IUSD,92113998,5025.3,92113998.0,1.0
DRV,91309618,2490299.0,136991454.0,0.666535140213929
COW,91280211,6509496.0,157750903.0,0.5786351093026707
BC,90964500,360250.0,90964500.0,1.0
GRX,90729327,29978075.0,95361405.0,0.9514260722144352
LINEA,90548406,10489447.0,217171409.0,0.4169444146305649
MELANIA,90211277,11185497.0,94709997.0,0.9525000512881444
GAS,88673922,3722076.0,88673922.0,1.0
CUSD,88608628,1890.74,88608628.0,1.0
EARNETH,88589000,9671.5,88589000.0,1.0
RIF,88399370,7257194.0,88399370.0,1.0
QAIT,88360427,4112995.0,200819153.0,0.4399999984065265
PGOLD,87803025,16.16,87803025.0,1.0
QTUM,87689454,9017555.0,89165487.0,0.9834461398724823
SAFE,87583285,2172928.0,116805316.0,0.7498227649159392
NXM,86459726,0.0,86459726.0,1.0
QRL,86290501,102456.0,86290501.0,1.0
JUSD,86110562,136648.0,50032749815.0,0.0017210839363896754
BERA,85815304,40823702.0,168455491.0,0.5094242015536318
SN64,85646416,1416455.0,85646416.0,1.0
EXOD,85448280,0.0,85448280.0,1.0
PRESPAX,84722893,1705646.0,84722893.0,1.0
ZRX,84517537,9256292.0,99620320.0,0.8483965620668554
KTA,84172696,2061265.0,153939076.0,0.5467922647528428
BEAM,83642890,5387486.0,95333287.0,0.8773733984437146
PROS,83557404,4078096.0,616205043.0,0.13560000027458394
KNTQ,83444491,12110790.0,297510071.0,0.2804761893253691
KMNO,83389303,4706315.0,175606323.0,0.4748650366080497
SLX,83318030,168173150.0,343091114.0,0.24284519942419727
WOULD,83159024,24991.0,83159024.0,1.0
ZIG,83122612,3921990.0,115275719.0,0.7210765000737059
XP,82807412,999950.0,82807412.0,1.0
SKR,82770138,2658749.0,132864575.0,0.6229661894451549
STAU,82706791,418045.0,82706791.0,1.0
VCNT,82515882,102772.0,169397965.0,0.4871125931176328
USDA,82462148,665747.0,82462148.0,1.0
CHIP,82159791,57732682.0,410798954.0,0.20000000048685615
MSUSD,81859216,397905.0,81859216.0,1.0
0G,81768981,8274403.0,383532308.0,0.21319972084333505
TROLL,81183138,7779439.0,81183138.0,1.0
RVN,79983299,7597473.0,79998312.0,0.9998123335402377
PURR,79545124,8444742.0,79545124.0,1.0
UMXM,79369834,6572430.0,506615963.0,0.1566666662653107
TAC,79118727,2451451.0,171840525.0,0.46041949068765936
AIOZ,78939247,5715016.0,79740679.0,0.9899495212474928
W,78589712,34634870.0,131961204.0,0.5955516441029137
KSM,78080682,6280545.0,78080682.0,1.0
MAG7.SSI,77802240,1794731.0,77802240.0,1.0
PMUSD,77715900,152734.0,77715900.0,1.0
MUST,77648369,5.62,77650370.0,0.9999742306443614
YFI,77595726,6593425.0,79437375.0,0.9768163411744157
USDX,77515667,24624.0,77515667.0,1.0
BAN,77439258,1846753.0,77439258.0,1.0
Q,77404350,5744983.0,197030047.0,0.3928555627863196
ORDI,77157323,41859559.0,77157323.0,1.0
PLUME,77152322,20049539.0,133999029.0,0.5757677691828648
PC0000101,76722081,0.0,76722081.0,1.0
META,76495067,1033667.0,76495067.0,1.0
XDAI,76375758,917801.0,76375758.0,1.0
MYX,76155690,42900335.0,399203825.0,0.19076893864932282
GEOD,75464529,2069147.0,162874659.0,0.46332885338535074
LISUSD,75380969,154042.0,75380969.0,1.0
MSY,75234902,4.79,75234902.0,1.0
CGUSD,75129704,18.37,75129704.0,1.0
PC0000023,75000000,0.0,75000000.0,1.0
ZAMA,74583607,9737951.0,372918033.0,0.20000000107262178
FEUSD,74575217,240574.0,8850994371.0,0.008425631502415515
DBR,74556244,8065965.0,140007863.0,0.5325146916927087
OCT,74176813,840149.0,74176813.0,1.0
BRLV,73548636,1434.68,73548636.0,1.0
MBG,73426568,5798261.0,289266099.0,0.2538374467448396
ARRR,73185526,565142.0,74597737.0,0.9810689833660772
CYS,72738794,5266429.0,452355687.0,0.16079999896187885
BIO,72535739,109775228.0,112268247.0,0.6460930934460926
TFUEL,71867758,1570111.0,71869517.0,0.9999755250894479
ENJ,71592974,9531996.0,72433937.0,0.9883899310898978
ORCA,71584972,12339955.0,88305069.0,0.8106552977156951
METAL,71487452,796048.0,93882114.0,0.7614597600561062
AZTEC,71129586,11855298.0,244115671.0,0.2913765663163837
ARC,70808276,12286958.0,70808276.0,1.0
MET,70719994,17250767.0,134709100.0,0.5249830486581827
SUPER,70519172,7435293.0,110157884.0,0.6401645478230137
ZIL,70391107,8743105.0,73846153.0,0.953212918213898
TURBO,70341866,13886376.0,70341866.0,1.0
XAUM,70188766,1065778.0,70188766.0,1.0
BP,69782845,8307007.0,279131379.0,0.2500000008956356
TEMPLE,69699847,30.84,69838768.0,0.9980108326080437
ZETA,69655794,2762410.0,100109131.0,0.6957986080210805
TRIA,69439464,26508235.0,321826154.0,0.2157670007143049
BABYDOGE,69425098,5389227.0,159342307.0,0.4356978338464749
DUSK,69065731,4437784.0,69065731.0,1.0
MINA,68988572,5953044.0,68988572.0,1.0
IVVON,68953756,1566581.0,68953756.0,1.0
XPR,68696193,1706652.0,77085186.0,0.891172436166918
UAI,68044287,3065769.0,284704128.0,0.23900000143306668
MF-ONE,66694197,0.0,66694197.0,1.0
NILA,65977001,109006.0,82750251.0,0.7973027296315995
GMX,65764821,5058123.0,65764821.0,1.0
VELO,65149372,6598266.0,89021875.0,0.7318355404219469
QUBIC,64702578,1764833.0,79952077.0,0.8092670062842771
BRETT,64340516,24336440.0,64340516.0,1.0
ROSE,64331602,6648201.0,83899941.0,0.7667657597041695
DIEM,64248574,2954740.0,64248574.0,1.0
PUFF,64201069,16584.48,64201069.0,1.0
USDU,64169566,52729.0,64169566.0,1.0
MAGMA,63989265,3313753.0,336785607.0,0.18999999902014816
APES,63905570,0.0,63905570.0,1.0
SIERRA,63713448,987.79,63713448.0,1.0
VBILL,63614741,0.0,63614741.0,1.0
MEGA,63491073,11609630.0,561970952.0,0.11297927904287836
HOT,63344544,3844331.0,63344544.0,1.0
LOUZI,62900857,1388375.0,66211429.0,0.949999991693277
TBK,62893129,291785.0,628931288.0,0.10000000031799976
RON,62704150,3822717.0,81180753.0,0.7724016799893443
CTC,62516666,7361784.0,69378318.0,0.9010980346914723
PC0000019,62500000,0.0,62500000.0,1.0
DOG,62141515,861183.0,62141515.0,1.0
DOLA,62012628,91282.0,89980294.0,0.6891800998116321
SWOP,61958322,2.92,61958322.0,1.0
IO,61891841,30388862.0,142909622.0,0.4330837919366969
BCE,61674273,113958.0,154185682.0,0.4000000012971373
SN4,61335542,2062824.0,61335542.0,1.0
TOSHI,60987857,8435024.0,60987857.0,1.0
NVDAON,60968547,13188384.0,60968547.0,1.0
SUSHI,60791248,23107254.0,64911170.0,0.9365298453255426
AXL,60755720,7041529.0,63976993.0,0.9496495091602696
ASTR,60655984,4374131.0,60660788.0,0.9999208055127804
ALCH,60639382,12550653.0,71337147.0,0.8500393490645204
BASEDHYPE,60540591,99.63,60540591.0,1.0
NXT,60491053,654655.0,79854556.0,0.7575153633062589
BAS,60371982,6995354.0,241487926.0,0.2500000020704969
CKB,60255508,4734561.0,61252658.0,0.9837207064548937
APR,59901875,20773986.0,242640509.0,0.2468749972825024
ASTEROID,59400373,6362716.0,59400373.0,1.0
QFI,59275231,686926.0,592752309.0,0.10000000016870453
TSLAX,59226412,9235809.0,215747343.0,0.2745174572091949
JELLYJELLY,58960914,5251653.0,58960914.0,1.0
USDON,58876822,86749200.0,58876822.0,1.0
ELF,58711107,1399885.0,71353661.0,0.8228184255325035
FXUSD,58638715,6351821.0,58638715.0,1.0
KAVA,58541647,3863224.0,58541647.0,1.0
POLYX,58514657,2548788.0,58514657.0,1.0
NMR,58413124,9333339.0,88262584.0,0.6618107169851271
CCD,58360416,155474.0,67157265.0,0.869011208243814
SPK,58258330,15888420.0,211409155.0,0.27557146236169383
BARD,58231045,5266918.0,180561379.0,0.32250000150918207
MHORSE,58140514,472469.0,58140514.0,1.0
XNO,57842199,1863863.0,57842199.0,1.0
ICNT,57686825,3399335.0,158913039.0,0.36300875851980907
EURI,57636201,14523121.0,57636201.0,1.0
BTY,57144087,356990.0,57144087.0,1.0
AMP,56973529,5119920.0,65468223.0,0.8702470662751912
DEEP,56803964,15449182.0,227215857.0,0.24999999889972468
COAI,56798708,5392137.0,302120627.0,0.18800009970851808
BLUR,56736798,9304391.0,60514058.0,0.9375804544458083
FXSAVE,56283652,101.17,56283652.0,1.0
BSB,56034014,17649378.0,251668602.0,0.2226499990650403
ZORA,55877913,27806317.0,125006517.0,0.4469999992080413
UPUMP,55782901,1269354.0,1748579718.0,0.03190183462942351
BNKR,55577233,5453607.0,55577233.0,1.0
PEAQ,55207433,4700718.0,109803244.0,0.5027850816502288
DGB,55158609,2004188.0,55206331.0,0.9991355701577053
MOVE,54962741,22568725.0,143225382.0,0.38375000459066677
AGENTFUN,54751310,851.05,54751310.0,1.0
SOON,54544788,4495083.0,160568229.0,0.3396985090992067
KUB,54260121,255947.0,86533275.0,0.62704342346918
JUPUSD,53993433,20702062.0,53993433.0,1.0
FOGO,53822995,4405960.0,140517090.0,0.38303522368702625
IDOL,53518212,5762952.0,141176026.0,0.3790885288129587
PC0000081,53443370,0.0,53443370.0,1.0
XYO,53411592,11073750.0,53411592.0,1.0
BRZ,52875932,250400.0,52875932.0,1.0
BDCA,52579904,175915.0,91015858.0,0.5777004706146922
ELG,52498005,3152.12,71247808.0,0.7368367739818746
FIDD,52246103,12508658.0,52246103.0,1.0
CARDS,52050084,7670684.0,404131054.0,0.12879506161384965
LION,51994815,141066.0,169681235.0,0.3064264295341792
T,51502010,5652182.0,51502010.0,1.0
CRCLX,51336583,16993791.0,293326735.0,0.1750150152525306
POPCAT,50874651,14574421.0,50874651.0,1.0
ACRDX,50821910,0.0,50821910.0,1.0
ORE,50766234,1463615.0,50766234.0,1.0
BABY,50620450,6833554.0,148295322.0,0.34134893344781303
XVG,50585400,2594113.0,50686586.0,0.9980036927324322
PNUT,50462894,24281420.0,50462894.0,1.0
ONT,50363383,5899250.0,50363383.0,1.0
UNT,50228415,33470.0,76426237.0,0.6572142888573723
AUSDT,49978287,135.04,49978287.0,1.0
USDKG,49977310,18285.1,49977310.0,1.0
FLOW,49859257,6142878.0,49859257.0,1.0
PC0000049,49300000,0.0,49300000.0,1.0
LBT,49133106,505937.0,200544927.0,0.24499799987461163
VVS,49063301,226603.0,107149125.0,0.4578973556713599
MOCA,48919992,7529933.0,102722713.0,0.4762334499479195
MOG,48900666,10225859.0,48900666.0,1.0
SN51,48502795,925029.0,48502795.0,1.0
AIPF,47986636,569233.0,47986636.0,1.0
EV,47955483,191642.0,47955483.0,1.0
CROSS,47766018,4918794.0,110557348.0,0.4320474293576579
MTBILL,47639516,1058.72,47639516.0,1.0
FIUSD,47567317,0.0,47567317.0,1.0
CET,47526343,175199.0,47526343.0,1.0
OMI,47332365,1370042.0,54307860.0,0.8715564376869205
OPEN,47209313,17008639.0,219068739.0,0.21549999883826418
NOT,47124691,15854300.0,48557591.0,0.9704907107109164
MOODENG,47029893,13588622.0,47029893.0,1.0
SN120,46780860,2720492.0,46780860.0,1.0
RED,46758921,6470318.0,115353488.0,0.40535333443926724
VTHO,46549056,2257268.0,46549056.0,1.0
REQ,45968195,4349153.0,61725013.0,0.7447255620667103
SN44,45455441,1914794.0,45455441.0,1.0
HUMA,45103306,10354900.0,260211380.0,0.17333333384573726
MRVLON,44982733,22768511.0,44982733.0,1.0
JCT,44874506,5294860.0,195213704.0,0.22987374902737362
TRB,44784622,14428981.0,45968078.0,0.9742548296232877
REKT,44713392,604178.0,44713392.0,1.0
ANKR,44588363,8285723.0,44588363.0,1.0
IRYS,44545008,176304325.0,222725038.0,0.20000000179593638
PCI,44301589,528472.0,82314647.0,0.5381981289429572
ME,43920112,7024567.0,78547889.0,0.559150762154792
IBITON,43883823,4972825.0,43883823.0,1.0
AVNT,43851501,12490800.0,135408925.0,0.3238449828916373
HOLO,43758553,21225492.0,139874927.0,0.31284057792573505
ALT,43426064,9199957.0,67810916.0,0.6403993127006278
CELO,43286839,4331233.0,71879846.0,0.6022110704021264
XVS,43114132,4545141.0,76219356.0,0.5656585710327965
SPYON,43057281,2183104.0,43057281.0,1.0
ROBO,42939161,15481607.0,192465986.0,0.22309999752371829
MANTRA,42802447,5186894.0,59459845.0,0.7198546683059803
ALLO,42423129,77352789.0,145041902.0,0.29248878024227787
MASK,42369913,10525681.0,42369913.0,1.0
CSPR,42364593,1963061.0,51680126.0,0.8197463179559585
API3,42222032,7137641.0,50469303.0,0.8365883713511953
GOHOME,42159281,475636.0,803585882.0,0.052463939380159495
SC,42103684,3854249.0,42103684.0,1.0
NPC,42074856,5370794.0,42074856.0,1.0
ALEO,41996180,1366154.0,72401672.0,0.5800443393075232
XCH,41951551,4719049.0,79110809.0,0.5302884843460519
FB,41943998,3102391.0,61126065.0,0.6861884206025695
APEX,41630374,2228708.0,150183228.0,0.27719722471273556
GUA,41588618,3610491.0,924191507.0,0.045000000200174965
KGEN,41403084,3969430.0,208393130.0,0.1986777779094733
MEW,40998022,9754288.0,40998022.0,1.0
VELVET,40907230,3070263.0,97380730.0,0.4200752037903187
LUNA,40795629,9314553.0,68188059.0,0.5982811301315968
ZCHF,40577553,463902.0,40577553.0,1.0
BURN,40453602,120028.0,40453602.0,1.0
VANA,40221359,3034211.0,156706595.0,0.2566666642204816
GAL,40167997,6.89,62885647.0,0.6387466602673262
ICX,40101037,835760.0,40528403.0,0.9894551482820579
SERV,40088273,2086630.0,52062692.0,0.7700000030732179
UP,40047757,22214850.0,317839424.0,0.12599996720356504
GCOIN,39778528,275799.0,45774686.0,0.8690071189128419
SFRXUSD,39353542,451180.0,39398960.0,0.9988472284547613
GUSD,39340787,357617.0,39340787.0,1.0
QQQON,39286127,3983019.0,39286127.0,1.0
PROVE,39193378,11225755.0,200991681.0,0.19500000101994272
CORE,39100690,7625322.0,66386185.0,0.588988356538337
YZY,39083635,213335.0,300643182.0,0.130000070981154
UNP,39077598,384089.0,139947708.0,0.2792299963926526
PLAY,38888296,13800950.0,520592990.0,0.0746999993219271
GPS,38855087,19063964.0,88124758.0,0.440909999435119
SQD,38852005,4683083.0,47758146.0,0.8135157717387103
IOTX,38671385,1782024.0,38671385.0,1.0
DEGEN,38363165,4026340.0,38363165.0,1.0
GLIDR,38286792,79086.0,107966570.0,0.35461710045989236
UMA,38286441,6792914.0,54475144.0,0.7028240439346062
XUSD,38253326,9121926.0,38253326.0,1.0
TIG,38065860,707165.0,63082517.0,0.603429631699699
WMTX,38049091,3868475.0,89330244.0,0.4259373902527346
SPYX,38032305,1259315.0,191672775.0,0.19842309373357797
MWC,37838028,131773.0,37839185.0,0.9999694232314993
DESO,37756934,9312.49,38747219.0,0.9744424238549868
BUSD,37746010,553.8,37746010.0,1.0
AI,37719655,12614340.0,289111436.0,0.13046753017407448
SODA,37646469,16.32,52287346.0,0.719991965168781
MGLOBAL,37611592,0.0,37611592.0,1.0
GEKKO,37599182,39747.0,125330608.0,0.29999999680844125
EBTC,37178533,10704.8,37178533.0,1.0
ANVL,37149623,114541.0,45717303.0,0.812594369357265
PC0000089,37000012,0.0,37000012.0,1.0
ARDR,36871244,14851802.0,36871244.0,1.0
PUNDIX,36809937,2945550.0,36809937.0,1.0
TPT,36685134,202731.0,333408131.0,0.11003071187846945
BOTX,36684877,65682.0,104274535.0,0.35181050675507686
NOS,36572119,873096.0,36572119.0,1.0
PRL,36553944,4314934.0,208879682.0,0.17499999832439422
MANTA,36484259,6983536.0,77119399.0,0.4730879580635736
MERL,36054835,6697111.0,59371376.0,0.6072763919097984
YUSD,35984799,377585.0,35984799.0,1.0
VRSC,35981779,1263.72,35981779.0,1.0
NVDAX,35943110,13430586.0,197344489.0,0.1821338421059227
BIM,35935978,74.79,35935978.0,1.0
FRAX,35788240,971889.0,37348965.0,0.9582123627789954
BAND,35660649,7336067.0,35674518.0,0.9996112351118521
SB,35629257,535.79,35629257.0,1.0
MNGO,35323380,889.71,158051112.0,0.2234933975029546
ORBS,35276132,2484367.0,71456922.0,0.4936699064647649
RPL,35214079,2097465.0,35214079.0,1.0
ST,35099309,27431.0,88046626.0,0.3986445658917129
BGBTC,34886618,19511.07,34886618.0,1.0
USTC,34855345,2854318.0,37999417.0,0.9172599937520094
SINGULARRY,34839376,462697.0,34839376.0,1.0
TDCCP,34816155,42228.0,34816155.0,1.0
STAR,34769890,3827345.0,103356772.0,0.3364065007757789
SSV,34671810,8006324.0,34671810.0,1.0
COTI,34624188,4383134.0,34624557.0,0.9999893428239385
HEZ,34542693,60572.0,34542693.0,1.0
BORA,34468570,440757.0,36053332.0,0.9560439517767734
LB,34415360,16628.04,34415360.0,1.0
REUSD,34379740,430822.0,34379740.0,1.0
HSK,34362382,450897.0,99612655.0,0.34496000533265575
OSMO,34279626,6317599.0,43221073.0,0.7931229749895381
BOME,34229038,11637578.0,34229038.0,1.0
RNT,34216553,19725.05,51901784.0,0.6592558167172057
SRX,34092638,1781021.0,34092638.0,1.0
NAT,33986370,1283634.0,33986370.0,1.0
OFT,33965112,46319.0,87232159.0,0.38936456909200196
EDU,33906717,9097794.0,43772175.0,0.774618053592265
PM,33905107,157190.0,105926928.0,0.3200801499690428
SNT,33877246,2725113.0,58207602.0,0.5820072436586547
ATOS,33765641,21620.0,3738608621.0,0.009031606253282644
AINTI,33723825,0.0,33723825.0,1.0
BNT,33492403,229906.0,33492403.0,1.0
SKL,33375676,6577833.0,34068061.0,0.9796764189191748
SN8,33237749,233960.0,33237749.0,1.0
REZ,33109721,4319853.0,37710408.0,0.8779995432560688
USDO,33052562,999.59,33052562.0,1.0
NOW,33021698,12996.72,38552138.0,0.8565464773964028
ELON,32999726,6403382.0,32999726.0,1.0
BOLD,32963781,2793892.0,33073282.0,0.9966891401947953
OPG,32875825,38906242.0,173030659.0,0.18999999878634224
IOST,32804838,6167148.0,32804838.0,1.0
B,32800624,262.75,54764958.0,0.5989345230576092
MEME,32785972,33872648.0,35616510.0,0.9205273621699599
XTUSD,32779463,5576036.0,32779463.0,1.0
UXPL,32762157,346091.0,909898672.0,0.03600637962025732
HIVE,32719929,3896589.0,,
HBD,32518720,284.05,32518720.0,1.0
MUSD,32365016,2855617.0,32365016.0,1.0
NEIRO,32306971,15880274.0,32306971.0,1.0
USTBL,32277949,13799.71,32277949.0,1.0
VENOM,32246392,161803.0,109733785.0,0.2938601999375124
SAFE,32200781,441328.0,84884093.0,0.3793500037751478
ANA,32170578,794.36,32170578.0,1.0
WHITE,32108058,121.92,32108058.0,1.0
AUCTION,32076008,4523693.0,33029704.0,0.9711261112118958
COLLECT,32041498,11837924.0,179002782.0,0.17900000012290312
STG,32017830,37645259.0,32017830.0,1.0
EURSPKCC,31958914,0.0,31958914.0,1.0
USDP,31939035,18383126.0,31939035.0,1.0
TGBP,31935104,39923.0,31935104.0,1.0
USN,31753382,121021.0,31753382.0,1.0
ORI,31723947,404889.0,31723947.0,1.0
ILV,31648821,3642654.0,36658115.0,0.8633510206403139
WAVES,31585684,4856580.0,31585684.0,1.0
GMT,31544096,8583601.0,51439869.0,0.6132227125228488
PYBOBO,31540183,457239.0,101560518.0,0.3105555546693844
ESP,31536182,5756287.0,217490911.0,0.14499999956320014
PHA,31496189,24658417.0,37519413.0,0.8394637997134976
SWFTC,31384284,833388.0,31384284.0,1.0
B3,31382296,1342342.0,67588254.0,0.4643158262380916
WKC,31352828,200092.0,31352828.0,1.0
DAG,31341232,810626.0,31341232.0,1.0
IN,31289210,10707526.0,93398160.0,0.335008848140049
PEOPLE,31106620,6911054.0,31106620.0,1.0
PC0000027,30950000,0.0,30950000.0,1.0
MVL,30940339,72971.0,33385302.0,0.9267652873111647
POWR,30790890,1744725.0,58093426.0,0.5300236553444102
PRIZE,30789153,12849.52,68293869.0,0.45083333908055495
AP3X,30782489,5768.75,55886049.0,0.5508081095516343
IBS,30759748,905137.0,30759748.0,1.0
FROG,30585005,0.0,30585005.0,1.0
NKYC,30517200,335835.0,30517200.0,1.0
WOO,30436982,3425152.0,30436982.0,1.0
SOS,30289535,2019.02,30289535.0,1.0
SEDA,30252198,1189429.0,41583774.0,0.7275000580755369
GIGGLE,30223034,13035999.0,30223034.0,1.0
AMERICA,30203775,1.92,30203775.0,1.0
MSUSD,30188682,12564038.0,30188682.0,1.0
ETHW,30069109,1540894.0,30069109.0,1.0
ISLM,29980280,55022.0,149959177.0,0.1999229430286884
MUSD,29822741,261617.0,29822741.0,1.0
BCSPX,29792605,3.26,29792605.0,1.0
SLVON,29713121,4360124.0,29713121.0,1.0
RLC,29650551,4983767.0,35638309.0,0.8319853503711413
CYBER,29603641,8513172.0,44261710.0,0.6688318413364509
ZBT,29552890,7576701.0,120627886.0,0.24499219028011482
HYPER,29411304,15274561.0,70214519.0,0.4188778107274366
DEP,29369040,275201.0,31894034.0,0.9208317768771426
ARK,29368230,950540.0,29368230.0,1.0
NIL,29310164,13268923.0,62642844.0,0.4678932521007507
EURE,29262884,83973.0,29262884.0,1.0
UCN,29257564,1891434.0,29257564.0,1.0
ACX,29196619,4744415.0,41433765.0,0.7046576385225914
FLIP,28943704,259784.0,29309614.0,0.9875157004797129
MANIFEST,28892784,1176590.0,28892784.0,1.0
BPX,28803344,2694.19,39597009.0,0.7274121133745228
NEET,28782170,1611051.0,28782170.0,1.0
BR,28669813,896049.0,114108709.0,0.25124999880596316
LUSD,28656744,51638.0,28656744.0,1.0
CARV,28654937,5659700.0,47607051.0,0.6019053144039525
SN9,28636640,2423327.0,28636640.0,1.0
SNEK,28499386,4031443.0,28702303.0,0.9929302885555908
AT,28435709,3758000.0,123633515.0,0.23000000444863192
AUKI,28328895,139442.0,64116728.0,0.4418331359641434
LIUSD,28323175,105.84,28323175.0,1.0
SXT,28207175,5157719.0,54269330.0,0.5197627278612064
CPOOL,28198089,1053096.0,28198089.0,1.0
UQC,28089699,117.73,112358795.0,0.25000000222501495
AGIX,27733218,36990.0,50150166.0,0.5530035134878716
CWU,27637266,116323.0,30691109.0,0.9004974698046917
ONE,27635006,2452974.0,27635009.0,0.9999998914420473
CXO,27622711,85228.0,35547769.0,0.7770589203502476
ONG,27551462,1436912.0,46796934.0,0.5887450233384948
PYTHIA,27515351,137375.0,27515351.0,1.0
PLLD,27411316,26330.0,27829048.0,0.9849893535704132
GIGA,27330884,1482916.0,27330884.0,1.0
EURE,27266415,719844.0,27266415.0,1.0
ROSA,27264466,510563.0,27264466.0,1.0
AVLT,27219714,85328.0,27219714.0,1.0
PREOPAI,27163440,227978.0,27163440.0,1.0
LCX,27093327,215007.0,26674677.0,1.015694660520163
STEEM,27027270,5283861.0,27032390.0,0.9998105975831216
BTW,27012667,10924267.0,122784849.0,0.220000001791752
HIMSON,26962780,1182031.0,26962780.0,1.0
AIC,26897054,207343.0,26897054.0,1.0
VR,26882715,776418.0,26882715.0,1.0
AIXBT,26808446,14769410.0,26952415.0,0.9946584007407129
QQQX,26736576,1419756.0,183623695.0,0.14560526080253422
TON,26663367,392598.0,44889467.0,0.5939782488395329
SCRT,26647588,1844599.0,27763499.0,0.9598065431161973
EUL,26647148,7178683.0,29998139.0,0.8882933704654146
LQTY,26626835,9991741.0,26971488.0,0.9872215800626202
WAXP,26489386,1650909.0,26489386.0,1.0
KAIO,26480822,1893349.0,388709311.0,0.06812500048397349
TSLAON,26417506,4910984.0,26417506.0,1.0
MSTRX,26386445,2453629.0,132600141.0,0.19899258628993463
SAI,26273165,26.44,26273165.0,1.0
FLUX,26213858,5635234.0,26216850.0,0.9998858749239515
ATONE,26173264,31123.0,28493773.0,0.9185608378363932
IQ,26161296,1004924.0,26161296.0,1.0
SKR,26121178,102.0,65932.0,396.18361341988714
XAN,26119565,12017703.0,104478262.0,0.24999999521431548
BIRB,26034555,3707660.0,91349317.0,0.2849999962232887
SN3,26013450,105202.0,26013450.0,1.0
STRX,26011656,14552.6,26011656.0,1.0
PRDT,26007647,28830.0,65019117.0,0.4000000030760184
NYC,25914916,84655.0,86383074.0,0.29999992822668015
BUCK,25898480,1223344.0,25898480.0,1.0
STRAX,25890132,50104894.0,25890132.0,1.0
BREV,25870671,10476925.0,103482686.0,0.24999999516827384
GOOGLON,25806347,5842108.0,25806347.0,1.0
MHYPER,25636650,94.33,25636650.0,1.0
LSK,25615233,4100959.0,43958670.0,0.5827117380939869
NBASIS,25508240,57.25,25508240.0,1.0
OCEAN,25507228,147838.0,34134353.0,0.7472597473870385
GGBR,25487316,190219.0,111570679.0,0.22844098672196841
AUDIO,25162436,3171435.0,25162436.0,1.0
DUAL,25032897,66053.0,33462109.0,0.7480968100366896
MMT,25016315,4518807.0,122571661.0,0.20409542300320138
PC0016245,25000000,0.0,25000000.0,1.0
DOGS,24934795,11710495.0,26539210.0,0.9395454876011757
MTL,24897121,1325999.0,24897121.0,1.0
SIGN,24869852,4968207.0,107973310.0,0.23033332959784228
STON,24834418,26005.0,66315112.0,0.3744910813088878
LISTA,24829633,4442187.0,51382986.0,0.4832267435761713
ACU,24821215,3577462.0,89094199.0,0.2785951866518268
CTSI,24811972,2453546.0,26815201.0,0.9252950220287366
SPELL,24802837,1861741.0,28345621.0,0.875014768595121
SOPH,24792178,4704492.0,71804550.0,0.3452730780988113
GOOGLX,24753282,34314597.0,169490289.0,0.14604542918680138
BLAST,24705104,1105332.0,39421074.0,0.6266978926043466
LON,24667827,27733.0,28066906.0,0.8788937049206635
YGG,24584769,9112172.0,33058055.0,0.7436846783635638
FO,24555667,270554.0,186395846.0,0.1317393468092631
CAW,24501449,516564.0,25655968.0,0.9549999828499942
XDOL,24472207,88.21,41761445.0,0.5860000055074722
BRLA,24380015,361266.0,24380015.0,1.0
BOX,24333168,273409.0,47879919.0,0.5082123885798554
MXT,24148186,15.51,24148186.0,1.0
ZEREBRO,23823636,5560078.0,23823634.0,1.0000000839502488
MLK,23646849,4638829.0,42151895.0,0.5609913623100456
吉祥马,23592322,353653.0,23592322.0,1.0
HDX,23568260,32593.0,25578339.0,0.9214147955424314
AIO,23537882,1418261.0,102227499.0,0.23025000347509236
ANT,23492304,432135.0,85258454.0,0.275542223648578
G,23452204,4820531.0,38910289.0,0.6027250016056165
AIAT,23362305,20738.0,105857763.0,0.22069524556267073
DKA,23353360,1026762.0,23353360.0,1.0
CTK,23320374,1043539.0,23634756.0,0.9866983183579302
CBK,23295249,4930209.0,23485998.0,0.9918781820555379
NCX,23292391,2665.67,23292391.0,1.0
TRUTH,23252278,2521188.0,111505389.0,0.20853053120150095
SOMI,23152448,5464053.0,144522149.0,0.16019999813315813
CORN,23149726,6674105.0,92598904.0,0.25
HONEY,23141918,1154347.0,23141918.0,1.0
SAPIEN,23025579,4718730.0,92102315.0,0.2500000027143726
METIS,23025526,3049548.0,30913243.0,0.7448434316645458
SN68,22994945,1877482.0,22994945.0,1.0
ZENT,22985182,1955902.0,28649019.0,0.80230258495064
EUSD,22983700,454154.0,22983700.0,1.0
SATS,22971685,3293983.0,22971685.0,1.0
PINKSALE,22900222,6.08,22900222.0,1.0
KNC,22861498,2826543.0,32374281.0,0.7061623391728762
TORN,22779481,98474.0,59780005.0,0.3810551872653741
TRILLIONS,22692226,3283449.0,22692226.0,1.0
XT,22685504,14948804.0,3752273033.0,0.006045803117334079
TPT,22622904,87140.0,22622904.0,1.0
GAME,22504677,210188.0,25242892.0,0.8915253054206309
SAIL.R,22436600,2965.65,22436600.0,1.0
CGPT,22435511,6767781.0,24171436.0,0.9281827939390941
REI,22346124,552423.0,22346124.0,1.0
FOLKS,22259282,2168127.0,66737018.0,0.33353725813760515
SLP,22212791,1563223.0,22212791.0,1.0
CATI,22207305,9907783.0,48941909.0,0.45374823854950164
SN56,22168764,175844.0,22168764.0,1.0
CLO,22160558,22246662.0,171654207.0,0.12909999927936516
ZEST,22106866,22853333.0,151416889.0,0.14600000136048233
QKA,22030411,959.45,22030411.0,1.0
USUAL,21966454,4469842.0,22454111.0,0.9782820615788351
SHOW,21889739,1036061.0,83389483.0,0.26249999655232303
RSC,21804359,1062673.0,98539960.0,0.2212742830421283
RYZE,21794713,11460.36,38803427.0,0.5616697978763576
CTR,21709127,22212313.0,180909388.0,0.1200000024321568
STRIKE,21700988,277527.0,30140261.0,0.720000002654257
GAMA,21623288,176674.0,21623288.0,1.0
FIDA,21585994,6661872.0,21585994.0,1.0
GXC,21427976,860.03,28570634.0,0.7500000175004867
CVC,21392447,2632962.0,26673873.0,0.802000032016348
USDH,21343835,7359002.0,99979653958.0,0.0002134817850936575
AEVO,21261076,7839143.0,23182266.0,0.9171267381713246
ASSET,21239838,1100542.0,189129442.0,0.11230318122548048
ABT,21185774,52223.0,39973159.0,0.5299999932454675
PORTAL,21163780,168351578.0,26430469.0,0.800734182961339
CETUS,21163529,2655842.0,22328494.0,0.9478260826726603
CUSDO,21152020,58757.0,21152020.0,1.0
CHECK,21123167,5347520.0,54955772.0,0.384366668527557
QUAI,21107448,133308.0,21107448.0,1.0
PTGC,21039386,36556.0,21039386.0,1.0
SUSD,20935906,71996.0,20935906.0,1.0
OZA,20911441,17.59,27444240.0,0.7619610162278132
ANIME,20891045,4609337.0,37718967.0,0.5538604755533204
YB,20855891,9062559.0,74404536.0,0.28030402608787186
BBT,20834296,130997.0,121922853.0,0.170880975037551
HUNDRED,20809433,1100.98,20809433.0,1.0
COINDEPO,20762036,1097767.0,75843018.0,0.2737501295109327
AID,20756005,5.34,20756005.0,1.0
B2,20737299,6723398.0,104819861.0,0.19783749760935096
BCHEM,20708789,1.5,24369141.0,0.8497956083064233
XAI,20708527,7799931.0,22138124.0,0.9354237513530956
BNX,20535647,605.76,20535647.0,1.0
VULT,20525961,15906.56,20525961.0,1.0
BIGTIME,20483824,4960538.0,53671891.0,0.3816490087893493
PAW,20444700,50.45,20444700.0,1.0
JPYC,20443858,304708.0,20443858.0,1.0
BOB,20357148,3096732.0,67413944.0,0.3019723634623721
ERG,20310532,94040.0,23860906.0,0.8512053984873835
MIRA,20264505,2538324.0,71722474.0,0.28254051861066587
ELEPHANT,20199273,214933.0,40655475.0,0.49684016728374225
SN75,20121548,230590.0,20121548.0,1.0
INC,20103315,74147.0,65355377.0,0.30760001583343327
FAI,20055746,659108.0,20055746.0,1.0
FLOCK,20023954,2588997.0,51674411.0,0.38750231715268124
POKT,19994411,425051.0,23370498.0,0.8555406478715173
AURORA,19978033,576493.0,28148542.0,0.7097359785100059
ES,19976963,4376704.0,133179755.0,0.14999999812283782
NAORIS,19920828,1037526.0,132969515.0,0.14981500082932542
AGLD,19882375,9170856.0,21110384.0,0.9418291491050091
GCB,19734065,5363.42,19734065.0,1.0
ERA,19694724,5473231.0,112702281.0,0.17475000350702752
GEODE,19689575,790.8,19689575.0,1.0
CHR,19641353,3088431.0,19641353.0,1.0
TLTON,19601653,3120961.0,19601653.0,1.0
QKC,19573918,439796.0,27032996.0,0.7240750525764884
XPIN,19489579,3669507.0,126023792.0,0.15464999656572784
TX,19462267,120437.0,456482131.0,0.04263533154597896
F,19434376,2709942.0,47511868.0,0.4090425575353089
MPC,19423988,57393.0,19423988.0,1.0
SGB,19407714,87430.0,21912036.0,0.8857102096765449
EFI,19388811,10031.35,19388811.0,1.0
AGETH,19285165,5.19,19269362.0,1.0008201101832017
B2M,19214923,50621.0,32163133.0,0.5974207487809101
CHEX,19178348,163511.0,19178348.0,1.0
QANX,19147884,182263.0,23648200.0,0.8096973131147402
MED,19046708,276832.0,20460743.0,0.9308903396127892
WIN,19016960,8038034.0,19016960.0,1.0
JPYC,19014853,227.65,19014853.0,1.0
TAIKO,19013818,2151683.0,100662917.0,0.18888602244657782
MAX,18967145,75038.0,80764127.0,0.2348461588645662
EDGE,18801940,3581875.0,74481001.0,0.2524394106894455
DEUS,18795485,2393193.0,37445793.0,0.5019384954673012
BIB01,18770185,11659.37,18770185.0,1.0
PROM,18746949,1793962.0,19774179.0,0.9480519519925454
ORCLON,18719527,6123733.0,18719527.0,1.0
UTY,18714475,999.77,18714475.0,1.0
MAGIC,18704392,4070621.0,19353892.0,0.966440858510526
DIA,18675313,3419453.0,26343730.0,0.7089092167282309
NXUSD,18668617,28.28,18668617.0,1.0
MOVR,18650962,3309748.0,19490716.0,0.9569151795141851
ADCO,18567847,6170.34,20630941.0,0.9000000048470886
WOJAK,18550934,1273324.0,18550934.0,1.0
REUSDE,18480287,674260.0,18480287.0,1.0
PRO,18458154,8271988.0,31881246.0,0.5789658911072673
OHO,18457348,141769.0,36166277.0,0.5103469179313094
UTYA,18402178,1213618.0,18402178.0,1.0
SENTIS,18365049,2819570.0,93699229.0,0.1960000012380038
LRC,18329264,1183166.0,20210482.0,0.9069186969415177
ORDER,18302905,5293448.0,47095971.0,0.38862995308027515
LA,18285113,5584922.0,94741516.0,0.19300000434867434
KONET,18245401,79839.0,18350961.0,0.9942477126947193
PONKE,18209433,5301168.0,18211438.0,0.9998899043557131
NYM,18156169,338419.0,21734108.0,0.8353767727665659
TA,18139777,27216255.0,100776536.0,0.18000000515993128
HUNT,18066673,202832.0,18066673.0,1.0
MGO,18042755,626062.0,113476447.0,0.1589999993566947
C98,18026700,4342998.0,18026720.0,0.9999988905358268
BFC,17978568,1798858.0,30607827.0,0.5873846581790991
RUJI,17973022,18527.26,24124862.0,0.7449999921243072
VELO,17953538,2377112.0,37335282.0,0.48087323942002097
INX,17923394,3925492.0,89873109.0,0.19942999857721624
DODO,17894005,2827629.0,17894005.0,1.0
PRIME,17806739,771235.0,31673595.0,0.5621950713204484
JPYC,17800949,249.87,17800949.0,1.0
UKTBL,17758704,0.0,17758704.0,1.0
TCY,17751796,275.68,20122019.0,0.8822074961762038
DOVU,17746564,69259.0,17746564.0,1.0
HP,17731969,202583.0,17748650.0,0.9990601538708578
HANDY,17712804,57481.0,26854031.0,0.6595957232640418
CLANKER,17549361,1387428.0,17549361.0,1.0
RLP,17502349,1382.31,17502349.0,1.0
SN62,17498204,82752.0,17498204.0,1.0
AGI,17428965,668514.0,20498201.0,0.8502680308384136
REUR,17428041,58514540.0,5809347024.0,0.00299999998760618
TREE,17403660,36069.0,19549790.0,0.8902223502145036
EWT,17380346,224471.0,23273195.0,0.7467967333234651
WELL,17370002,3375843.0,19172705.0,0.9059755522238515
FTRB,17341574,151966.0,26273724.0,0.6600348698189872
SNDKON,17269144,5461408.0,17209275.0,1.0034788798482215
SAUCE,17268225,78360.0,19058629.0,0.9060580905373624
ZKC,17230337,8429408.0,62265595.0,0.2767232369657754
KERNEL,17157311,5916529.0,59926059.0,0.28630801501563785
USP,17137375,15158.98,17137375.0,1.0
OPN,17058303,10036609.0,120100082.0,0.1420340662215368
US,17016000,11134027.0,133476335.0,0.12748327259659925
ABEY,16980799,21539.0,21817949.0,0.7782949258887717
GUN,16887610,9526650.0,74180087.0,0.2276569182238894
DG,16878885,19475.7,43590325.0,0.38721631462945044
IEFAON,16877127,1832268.0,16877127.0,1.0
PIPPIN,16856627,4921676.0,16856627.0,1.0
ADS,16797506,812994.0,16801192.0,0.999780610804281
APTM,16657863,548102.0,17466405.0,0.9537087339953471
BICO,16617889,4058778.0,23143092.0,0.7180496452245879
FIRO,16614236,330951.0,16614236.0,1.0
LHYPE,16542062,68446.0,16542062.0,1.0
MOR,16521702,37110.0,17121555.0,0.9649650396824354
POWER,16304488,1407256.0,77640418.0,0.21000000283357567
PUMPCADE,16303715,629838.0,16303715.0,1.0
RIV,16268247,722712.0,99655513.0,0.1632448272079037
BERT,16169405,1873981.0,16169405.0,1.0
MBL,16126694,1650739.0,24964068.0,0.645996237472194
MMUI,16098050,480264.0,27061440.0,0.594870413400026
LEND,16087606,2.38,581797439.0,0.027651558638091565
LAYER,16061836,7786099.0,76484934.0,0.20999999816957415
QIE,16014350,2509.56,28387276.0,0.5641383132358314
USDM,15981691,699462.0,15981691.0,1.0
ETN,15958378,296222.0,15958378.0,1.0
AQUA,15953221,343744.0,44411999.0,0.35920970366589444
GOAT,15948043,18048448.0,15948043.0,1.0
STBL,15946257,4523757.0,318925133.0,0.05000000109743624
STKRI,15946142,7969.93,303001918.0,0.052627198221233705
SN5,15907936,34406.0,15907936.0,1.0
DOOD,15833198,8221563.0,20298972.0,0.7799999921178274
AVA,15795071,3278047.0,15795071.0,1.0
ARARA,15794768,14959.7,43571773.0,0.3625000065983085
INI,15787864,132181.0,106366054.0,0.14842953561105124
KAT,15768493,5991815.0,67329175.0,0.2342000031932665
BLEND,15701614,21688274.0,78508068.0,0.20000000509501775
MARSMI,15668876,220345.0,15668876.0,1.0
TST,15643329,5669153.0,15643329.0,1.0
COAR,15618259,0.0,15618259.0,1.0
WET,15607338,5490249.0,67857993.0,0.2299999942527036
XNY,15592985,4410971.0,62371942.0,0.24999999198357492
AIOT,15579328,1290521.0,59180712.0,0.2632500940509131
BASED,15552056,17289402.0,66178960.0,0.23500000604421709
BLUAI,15529064,3008236.0,126458174.0,0.12280000184092489
CAPX,15526124,497968.0,151474384.0,0.10249999762336053
JOE,15473089,3452959.0,19158866.0,0.8076202944370507
META,15436439,335657.0,17767451.0,0.8688043659160788
FUL,15389432,14208.18,18441287.0,0.8345096521734086
OSAK,15367560,87394.0,15367560.0,1.0
KISHU,15276828,143389.0,15276828.0,1.0
DORA,15260301,42239.0,15260301.0,1.0
HT,15259191,118032.0,15259191.0,1.0
SN79,15182738,414024.0,15182738.0,1.0
INTCON,15119323,6634669.0,15119323.0,1.0
HEGIC,15028902,39.98,15028902.0,1.0
C,14956974,15656489.0,93481085.0,0.16000000427894048
SPACE,14955195,4111857.0,145904343.0,0.10249999892052562
H2O,14942855,821441.0,14942855.0,1.0
UP,14918357,6168021.0,77749699.0,0.19187671710471832
XSGD,14915928,818071.0,14915928.0,1.0
BITCOIN,14861162,925851.0,14861162.0,1.0
EPIC,14828265,60795759.0,14828265.0,1.0
FRTC,14828045,31177.0,14828045.0,1.0
BANK,14744281,4847564.0,14744281.0,1.0
USDM,14641218,866990.0,14641218.0,1.0
YOUSD,14560132,8.08,14560132.0,1.0
CELR,14510235,1986105.0,25702508.0,0.5645454910470216
ACN,14495471,3753505.0,16135804.0,0.8983420348933341
UFD,14470618,2709518.0,14470618.0,1.0
WEMIX$,14443174,296.54,14443174.0,1.0
WUSD,14439682,144685.0,14439682.0,1.0
AGGON,14353249,176493.0,14353249.0,1.0
$FARTBOY,14339567,953300.0,14339567.0,1.0
AVAIL,14308514,480336.0,39534735.0,0.36192259793824344
ENSO,14226966,10407349.0,69096486.0,0.205899993235546
EGL1,14161826,1286718.0,14778756.0,0.958255620432464
THEROS,14159606,32366.0,45491442.0,0.3112586758625941
LUMIA,14104761,1725828.0,24329007.0,0.5797507888423067
MEY,14060295,334108.0,121173064.0,0.11603482272264734
ROLL,14029109,407367.0,90510381.0,0.1549999993923349
NEWT,13994434,5558697.0,65090390.0,0.21500000230448765
BANANA,13984208,2695173.0,29256884.0,0.4779800883785163
AAPLON,13976487,2539780.0,13976487.0,1.0
CMC20,13951830,3321703.0,13951830.0,1.0
BARA,13951394,12907.71,13951394.0,1.0
LOAN,13887913,166024.0,46622316.0,0.2978812335277381
ON,13843759,911549.0,67167777.0,0.2061071486704108
PDDON,13838820,2245787.0,13838820.0,1.0
哈基米,13824917,1706243.0,13824917.0,1.0
ID,13815683,17059178.0,64074884.0,0.21561776061896576
XRD,13756259,2887.12,13756259.0,1.0
GLDY,13750071,0.0,13750071.0,1.0
BUTTCOIN,13738948,1016472.0,13738948.0,1.0
ARMON,13731366,5596919.0,13731366.0,1.0
OGN,13698537,1460987.0,29050382.0,0.471544126338855
XAI,13682100,12884.95,17978291.0,0.7610345165733495
EURR,13680358,6008.8,13680358.0,1.0
DOLO,13671899,2100352.0,28003883.0,0.4882144022669999
VEE,13616016,3372.15,13616016.0,1.0
YFSX,13600476,47631.0,13600476.0,1.0
VINE,13599188,3762867.0,13599188.0,1.0
POD,13591070,1072187.0,121373796.0,0.11197697071285469
LUCIC,13583213,33610.0,17242477.0,0.7877761994404864
SN34,13579918,118550.0,13579918.0,1.0
READY,13564983,461500.0,13564983.0,1.0
INIT,13523072,6405192.0,68728432.0,0.19676095622260087
AURA,13487280,1663563.0,13487280.0,1.0
VEREM,13475835,392068.0,269516732.0,0.04999999406344835
ULT,13473319,24.76,30652056.0,0.4395567788340201
SUIUSDE,13458310,304971.0,13458310.0,1.0
HYUSD,13422831,1901365.0,13422831.0,1.0
MSFTON,13341966,10238795.0,13341966.0,1.0
IAUON,13297844,1551755.0,13297844.0,1.0
SOFION,13289846,122227.0,13289846.0,1.0
AO,13264954,510837.0,13264954.0,1.0
TOES,13203684,394955.0,13203684.0,1.0
AIN,13202252,1602466.0,71247989.0,0.1852999949233655
POND,13198536,4680085.0,16091078.0,0.8202393898034674
EVER,13185139,395928.0,14061605.0,0.9376695619027842
ELSA,13175965,4082519.0,57541992.0,0.22897999429703442
VSTR,13145304,86923.0,390346026.0,0.03367602876530886
STORJ,13088395,8322356.0,38686048.0,0.3383233924540444
DIAM,13066574,125636.0,35604101.0,0.3669963187667623
STO,13064024,4847137.0,57976436.0,0.2253333406006537
SN19,13055864,139782.0,13055864.0,1.0
XCM,12985108,4322.79,13318811.0,0.974944985704805
GODS,12933748,268455.0,16412228.0,0.7880555887963535
OG,12914129,2616000.0,13739031.0,0.9399592300213895
USDR,12901552,116205.0,12901552.0,1.0
DIT,12847775,63642.0,12847775.0,1.0
LIBERTY,12843788,6730.78,12843788.0,1.0
ZKP,12822144,3395061.0,63580882.0,0.20166665822597427
GLMR,12769682,2079377.0,13469018.0,0.9480781746672252
ALI,12755208,92768.0,13421649.0,0.95034581816288
VATRENI,12738673,1333.86,26603702.0,0.47883084091078754
SOMPI,12718962,151331.0,13408948.0,0.9485428685382328
FUN,12675245,417455.0,13154796.0,0.9635455388285763
AMDON,12673531,6107939.0,12673531.0,1.0
IXS,12664664,124630.0,12664664.0,1.0
SANTOS,12646138,6373861.0,23571765.0,0.5364951669932226
BROCCOLI,12629704,4297133.0,12629704.0,1.0
LMTS,12622405,2900957.0,95915891.0,0.13159868368422914
BONE,12602817,2003808.0,12609075.0,0.9995036907941304
USDCV,12589803,69370888.0,12589803.0,1.0
ITOTON,12575588,1627916.0,12575588.0,1.0
PEP,12556701,112499.0,12556701.0,1.0
VCRED,12556384,2.5,996538405.0,0.01260000009733694
SVL,12542137,226159.0,72993563.0,0.17182524711117336
CORGIAI,12535851,17141.58,12535851.0,1.0
CACAO,12533697,13640304.0,12533697.0,1.0
CX,12461123,331.86,15084890.0,0.8260665473861593
SD,12450480,3236652.0,20790720.0,0.5988479475458282
TRIBE,12449847,11156.28,329262206.0,0.03781134540536973
MSTRON,12414007,4784103.0,12414007.0,1.0
MWXT,12340608,590900.0,66435825.0,0.1857523105944722
RARE,12318954,2225482.0,15013792.0,0.8205091691692545
NOPAL,12309948,9997.03,12309948.0,1.0
WOM,12306596,0.0,51926564.0,0.23700000639364469
SN14,12304273,120743.0,12304273.0,1.0
GRND,12296693,492137.0,17159737.0,0.716601484043724
TNSR,12258712,7304084.0,36636122.0,0.33460724909694317
MUBOND,12251014,2319.57,12251014.0,1.0
FCT,12157740,128667.0,12258208.0,0.9918040222518658
KEEP,12138194,4944.91,22080834.0,0.5497162833613984
RECALL,12114808,7886920.0,47778599.0,0.25356139052968046
SONIC,12093938,2756083.0,80626251.0,0.15000000434101793
HOPR,12077878,97085.0,12497886.0,0.9663936764985694
MEDXT,12077821,31.79,14550591.0,0.8300570746576548
HOLLAR,12068120,2768330.0,12068120.0,1.0
GNS,12045230,1120456.0,12045230.0,1.0
DLC,12036384,5327.95,13524027.0,0.8899999977817258
NCT,11966435,522528.0,11969051.0,0.9997814363060196
ALICE,11955851,5675814.0,11955851.0,1.0
DOP2,11936473,110429.0,47255348.0,0.25259517716386304
CAT,11919257,2568911.0,14300456.0,0.8334878971691532
SN46,11899734,611641.0,11899734.0,1.0
L3,11896488,4478395.0,25339206.0,0.4694893754760903
SN17,11887508,103482.0,11887508.0,1.0
WSTEAMX,11857585,2769.1,11857585.0,1.0
AQT,11834167,1134631.0,13244138.0,0.8935399948263903
BOBA,11825485,4360506.0,11978831.0,0.9871985839018849
YUSD,11799348,79.16,11799348.0,1.0
RAD,11777883,5685079.0,23636215.0,0.4982981835289618
UFART,11765244,458.54,146884194.0,0.08009877495736539
MPLX,11764334,547218.0,22952482.0,0.5125517144507509
ARCANE,11741919,57336.0,13814022.0,0.850000021717064
MAV,11735409,1869766.0,25268068.0,0.4644363391771781
TSMON,11716766,6323559.0,11716766.0,1.0
RSS3,11699317,1203382.0,11699317.0,1.0
PSG,11695875,12273229.0,14480233.0,0.8077131769910056
MUBARAK,11679803,6529085.0,11679803.0,1.0
AVICI,11642634,1227060.0,11642634.0,1.0
SDEX,11615432,325782.0,11693987.0,0.9932824450719844
CLASH,11568648,372942.0,11568648.0,1.0
ANDY70B,11555329,0.0,11555329.0,1.0
XAVA,11549592,292385.0,27239343.0,0.4240040591287389
SDL,11498660,7935.39,19148938.0,0.6004855203980503
WAN,11495358,4646679.0,12133152.0,0.9474337748344371
MIMATIC,11490001,9650.01,293751712.0,0.03911466905765642
FAR,11478492,94010.0,11774873.0,0.974829367586385
GFI,11449752,163134.0,14004276.0,0.8175897133132766
ALT,11414501,195979.0,11432418.0,0.9984327899837112
BIC,11381810,3.25,25786414.0,0.4413878564115197
TIPON,11351712,1463475.0,11351712.0,1.0
NST,11348650,206168.0,11348650.0,1.0
TICS,11329384,286875.0,63419789.0,0.17864114937373884
DRIFT,11318110,5062151.0,18508286.0,0.6115158367446883
HFUN,11317698,140086.0,11317698.0,1.0
PARTI,11316842,25507246.0,48570136.0,0.23300000642370036
ACE,11313514,4326391.0,16753824.0,0.6752795063383739
EFAON,11111585,1509686.0,11111585.0,1.0
THE,11083733,5027935.0,23701577.0,0.46763694247011495
YELLOW,11039682,1248482.0,569244003.0,0.01939358507392128
PC,11006409,5211.71,45292072.0,0.24300961545764566
LCS,10986218,80.42,20889175.0,0.5259287645395283
MOOLAH,10974096,24007.0,10974096.0,1.0
ASTEROID,10935787,507992.0,10935787.0,1.0
UUSD,10905507,139.23,10905507.0,1.0
ACT,10890714,5787222.0,10890714.0,1.0
YUSD,10860307,80.09,10860307.0,1.0
TOKEN,10839476,976234.0,28882169.0,0.3752999298633008
TRUST,10819854,963428.0,60228133.0,0.17964783998866443
QI,10798440,904907.0,10798440.0,1.0
FELY,10794513,9203.12,123317261.0,0.08753448554132255
DINERO,10786670,203.4,16140273.0,0.6683077789328594
MAPO,10769650,264871.0,16851524.0,0.6390905653399657
MITO,10756249,5080582.0,30499762.0,0.3526666535955264
BB,10726206,7891098.0,55006187.0,0.1949999915464055
SN24,10719420,311777.0,10719420.0,1.0
GITLAWB,10701174,1260719.0,10701174.0,1.0
MEZO,10657481,518166.0,21314961.0,0.5000000234577019
MOC,10646657,75284.0,11869456.0,0.896979356088434
ETHIRD,10609881,9.94,10609881.0,1.0
MNDE,10605243,38512.0,13586466.0,0.7805740653971386
KLED,10584753,1124938.0,10584753.0,1.0
IEMGON,10571084,59858.0,10571084.0,1.0
TT,10529999,158970.0,10529999.0,1.0
WILD,10458182,223519.0,10910801.0,0.9585164278956237
PYR,10453161,4310959.0,11553930.0,0.9047277419890895
SN63,10445156,800862.0,10445156.0,1.0
INALPHA,10442662,0.0,10442662.0,1.0
HMSTR,10422408,2803013.0,16190148.0,0.6437500138973405
BALD,10422345,119.78,10422345.0,1.0
MRE7YIELD,10389336,34.09,10389336.0,1.0
DYM,10372547,7160596.0,20588662.0,0.5037989841204834
WRX,10369792,10833.32,22715016.0,0.4565170458167408
EL,10313388,626717.0,10313388.0,1.0
SN1,10287600,152380.0,10287600.0,1.0
HONEY,10271833,205253.0,11521494.0,0.8915365489926914
AVL,10253663,560697.0,32892768.0,0.3117300131141289
CLOUD,10217310,218049.0,17680005.0,0.5779019858874475
FUN,10170599,3437774.0,57138197.0,0.1779999988449058
DEFI.SSI,10163158,423547.0,10163158.0,1.0
DAKU,10156780,2985.06,10156780.0,1.0
BXN,10115900,404540.0,31803578.0,0.3180742745360286
USDA,10105852,348478.0,10105852.0,1.0
EPS,10081814,57.16,10446372.0,0.9651019511845835
BC3M,10034651,0.0,10034651.0,1.0
IDRT,10002089,2.51,10002089.0,1.0
MONEY,9998738,4.98,9998738.0,1.0
EUSD,9997082,12807.48,9997082.0,1.0
SYN,9987060,2670025.0,11397291.0,0.8762661232392855
FUSD,9975702,370776.0,9975702.0,1.0
COL,9970012,5215.84,121475301.0,0.08207439634168924
TGC,9963728,34510.0,9963728.0,1.0
USUALX,9960493,4389.46,9960493.0,1.0
EITHER,9959274,1427249.0,9959274.0,1.0
ACT,9918388,181616.0,11567437.0,0.8574404165762909
SUPRA,9917985,369837.0,27959640.0,0.3547250608376932
HFT,9910874,4369536.0,12111980.0,0.8182703406049218
ALCX,9894250,918287.0,12409063.0,0.79734062112506
BINK,9879743,318.76,9879743.0,1.0
SN93,9869661,242110.0,9869661.0,1.0
ASM,9793081,207356.0,19301264.0,0.5073802938501851
ELA,9788328,208776.0,11119833.0,0.8802585434511472
SPKCC,9781675,0.0,9781675.0,1.0
NETX,9775277,163307.0,13003716.0,0.7517295056274683
IWFON,9771922,76667.0,9771922.0,1.0
LAVA,9737824,116477.0,17762945.0,0.5482099955835026
CJL,9704583,60170.0,14943544.0,0.6494164302658058
ARPA,9702959,2221919.0,19758115.0,0.49108728236473975
WCT,9700947,11345757.0,52099560.0,0.18620017136421113
VFX,9695674,2692.15,9695674.0,1.0
RBNT,9630763,130851.0,36428318.0,0.26437572550014526
IDLE,9604967,415163.0,20021376.0,0.47973560858154807
EDX,9535888,63.58,32135865.0,0.2967366212174466
BLESS,9522194,2995974.0,51704054.0,0.18416726084960378
VITA,9473901,32985.0,10218053.0,0.9271728185398921
TLM,9445268,2297827.0,9769471.0,0.9668146821869884
PNKSTR,9429766,63649.0,9429766.0,1.0
USDH,9397276,4565.33,9397276.0,1.0
MBX,9395841,1380700.0,10853690.0,0.8656817174619876
GRIFFAIN,9394134,4959597.0,9394134.0,1.0
COOKIE,9376901,3640364.0,12191629.0,0.7691261766577707
MAPOLLO,9351028,1.061,9351028.0,1.0
SN66,9350109,1000714.0,9350109.0,1.0
VANRY,9314186,2400377.0,9405996.0,0.9902392048646417
SBC,9286497,10382.08,9286497.0,1.0
MONJI,9285426,209645.0,9285426.0,1.0
CHILLGUY,9258061,1033179.0,9258061.0,1.0
ASP,9248229,1243787.0,27469986.0,0.33666668049994636
GVNR,9229618,305.65,11672815.0,0.7906934188539783
SN11,9157643,156531.0,9157643.0,1.0
RESOLV,9144701,9512646.0,22668444.0,0.40341105900343227
XION,9135489,1089070.0,25786997.0,0.35426726888749394
ABEL,9134235,39148.0,14926880.0,0.6119319643488793
AHT,9071215,226243.0,9575507.0,0.9473352168193288
SN118,9066704,1618266.0,9066704.0,1.0
ADX,9049664,4904683.0,9178158.0,0.9860000230983167
BNBTIGEROG,9011183,7091.13,9011183.0,1.0
MRE7ETH,9002684,0.0,9002684.0,1.0
BMMF,8971173,397.67,8971173.0,1.0
ARTDRA,8950175,263.07,10370233.0,0.8630640218016317
TREE,8949061,4771390.0,57320780.0,0.15612245681234624
CRYPGPT,8938380,1944872.0,43211583.0,0.20685148239072843
EDEL,8936522,542983.0,14797807.0,0.6039085386098089
XEQM,8919835,17152.27,8919835.0,1.0
ANTHROPIC,8888342,251635.0,8888342.0,1.0
HOSKY,8880061,62481.0,8880061.0,1.0
ATS,8854285,420258.0,11676499.0,0.7582996410139717
BOUNTY,8838134,199402.0,9455821.0,0.9346765341687412
HANU,8816363,810.96,34916080.0,0.25250151219724554
DEXT,8799150,86650.0,13959933.0,0.6303146297335381
MBC,8787940,37086.0,8787940.0,1.0
PUFFER,8785218,5778732.0,19055047.0,0.46104415276435684
AIA,8773773,17267488.0,88178622.0,0.09950000125880851
SN18,8755661,554023.0,8755661.0,1.0
BTCUSD,8746300,13585.27,8746300.0,1.0
HDN,8727228,90376.0,12794943.0,0.6820841640326182
SQGROW,8723813,26898.0,8723813.0,1.0
XU3O8,8695172,1887074.0,8695172.0,1.0
YNRWAX,8678252,7112.42,8678252.0,1.0
WALLET,8643604,192544.0,8765755.0,0.9860649767190619
CROB,8630067,436.7,8630067.0,1.0
DAO,8613833,629818.0,9530443.0,0.9038229387658056
INCO,8592946,85.93,8592946.0,1.0
SHELL,8585136,9922384.0,31796799.0,0.2700000084914208
SEND,8576111,5863.54,23838492.0,0.3597589562292783
SFI,8574624,26023.0,9868354.0,0.8689011358935846
LODE,8551777,0.0,8551777.0,1.0
BAR,8534531,5815980.0,13561432.0,0.6293237321840348
REP,8522893,37559.0,8522893.0,1.0
TAI,8508960,568957.0,12980618.0,0.6555127036324465
CREPE,8488683,371705.0,8488683.0,1.0
FORT,8483782,437791.0,13361874.0,0.6349245622283222
CONX,8479295,155293.0,17990073.0,0.47133188397845854
HAVA,8466031,61434.0,42330155.0,0.2
MMX,8455104,3600.13,8455104.0,1.0
OPT,8439935,14883.01,9499571.0,0.888454331253485
INV,8382224,28419.0,8603720.0,0.974255787031656
我踏马来了,8364106,1064067.0,8364106.0,1.0
SN13,8351294,34970.0,8351294.0,1.0
FIGHT,8351270,3196632.0,40737905.0,0.20499998711273934
4,8350868,1097220.0,8350868.0,1.0
MCB,8334001,2058.76,10525348.0,0.7918028933580153
XBG,8302392,6546.46,16453987.0,0.5045823848043638
ASR,8299911,3549155.0,9651995.0,0.8599166286348056
APX,8265812,7346.46,876847402.0,0.009426739454489482
WBX,8219751,6566.14,8219751.0,1.0
NAWS,8214904,77457.0,41153491.0,0.19961621238888336
PNK,8210905,100036.0,10380314.0,0.7910073818576201
JMPT,8208747,23306.0,17123808.0,0.479376257897776
EUROP,8200308,5440.01,8200308.0,1.0
ARG,8200232,4152581.0,8837715.0,0.92786789345436
SCOR,8195769,284007.0,73053203.0,0.1121890439218661
ATM,8183350,955059.0,9671610.0,0.8461207596253364
ALPHA,8154105,3032.27,8207110.0,0.9935415755363337
MIA,8123087,12503.67,14814501.0,0.5483199872881307
PCOCK,8099214,103735.0,8099214.0,1.0
CULT,8046207,503872.0,17164407.0,0.46877279244194103
NBISON,8032233,2384253.0,8032233.0,1.0
TUT,8024419,4459219.0,8024419.0,1.0
EDEN,8007942,7106873.0,43552193.0,0.18387000627040756
BRISE,8005099,753708.0,8639848.0,0.9265323880697901
WOLF,7998563,62061.0,7998563.0,1.0
BEL,7993701,1673467.0,9992126.0,0.8000000200157604
DEJAAA,7986134,618.18,7986134.0,1.0
PATHUSD,7977229,811308.0,7977229.0,1.0
EEMON,7967850,79671.0,7967850.0,1.0
SCR,7959555,5403579.0,41892395.0,0.18999999880646595
ETHIX,7947989,1315.25,11274046.0,0.7049810689081808
CWEB,7944995,96506.0,9077729.0,0.8752183503164723
EMT,7918686,1149.48,8248631.0,0.9600000290957372
WECAN,7918651,127483.0,7918651.0,1.0
MONA,7908978,11141.97,7908978.0,1.0
GTC,7877326,3597565.0,9003533.0,0.8749149917038123
POLS,7874200,307680.0,7936931.0,0.9920963153138159
METAON,7872256,2048259.0,7872256.0,1.0
FOOM,7866280,8377.13,7866280.0,1.0
GLDX,7841832,311096.0,124041710.0,0.06321931550282563
REF,7809093,246.57,8134880.0,0.9599518370277128
BAL,7806491,677870.0,8748246.0,0.8923492777866557
GBPSAFO,7804999,0.0,7804999.0,1.0
PHNIX,7789382,380542.0,8647528.0,0.9007640102466277
HANA,7788302,1646531.0,32451260.0,0.23999998767382222
AMZNON,7787716,2435554.0,7787716.0,1.0
ACS,7766954,599454.0,14188787.0,0.5474008454704409
龙虾,7763125,1205179.0,7763125.0,1.0
ESPORTS,7761173,21945171.0,46014862.0,0.16866665817665605
SN50,7736638,407461.0,7736638.0,1.0
WITRY,7735071,11.24,7735071.0,1.0
LYN,7721722,1955963.0,36946041.0,0.20899998459916178
APU,7718701,272562.0,7718701.0,1.0
TENSOR,7698771,6660.89,7698771.0,1.0
LAT,7667226,2178214.0,11377654.0,0.6738846162838139
MPC,7632755,10538.02,9981898.0,0.7646596869653447
SN85,7616398,316487.0,7616398.0,1.0
BCOIN,7600984,93.49,7600984.0,1.0
OMG,7595671,2452192.0,7595671.0,1.0
REDO,7580872,203915.0,7580872.0,1.0
AISM,7567409,128.45,7567409.0,1.0
HAIR,7547254,33246.0,16487601.0,0.4577533141419422
NIZA,7541448,263976.0,9627909.0,0.7832903281491339
COINON,7520944,2075463.0,7520944.0,1.0
SHMON,7510777,41433.0,7510777.0,1.0
LUAUSD,7489000,31094.0,7489000.0,1.0
KLV,7483631,92220.0,7483631.0,1.0
BMEX,7481673,3635.34,33751906.0,0.22166668157940472
MAVIA,7463333,1343927.0,7554985.0,0.987868672141639
BALL,7457875,414.83,8757283.0,0.8516197318277826
THOR,7446289,6877.7,9340806.0,0.7971784233608963
OGY,7413651,208936.0,9451363.0,0.7844001970932658
BADGER,7407647,1848659.0,7805086.0,0.9490794848384758
FREEDOM OF MONEY,7390616,947556.0,7390616.0,1.0
UPEG,7389232,513177.0,7389232.0,1.0
AKE,7386310,725058.0,32401425.0,0.22796250473551705
SURE,7381916,61.5,24530123.0,0.30093269405946316
SN33,7372920,95377.0,7372920.0,1.0
BTCP,7357781,7242.14,119761507.0,0.061436944009062945
NAVX,7345782,502603.0,9000336.0,0.8161675297455562
AMO,7335188,97245.0,7335188.0,1.0
USDZ,7333042,4744.2,7333042.0,1.0
SOLO,7314665,109290.0,16518996.0,0.4428032430058098
PPC,7312917,23539.0,7312971.0,0.9999926158602297
GAL,7304415,886423.0,9175580.0,0.7960712020384543
MOBILE,7293069,12892.21,18788147.0,0.38817393753625623
ORAI,7262816,333408.0,7264122.0,0.999820212270664
BGSC,7260830,661721.0,10113622.0,0.7179257836608882
MZC,7254557,370.03,7366793.0,0.9847646051680833
IKA,7251405,552771.0,24171350.0,0.3
IAG,7246997,78863.0,19272881.0,0.37602042995024976
NIM,7213211,74227.0,7337963.0,0.9829990966157774
SN52,7209714,2293.12,7209714.0,1.0
DGLD,7206480,4462.28,7206480.0,1.0
GAME,7198360,4668773.0,7198360.0,1.0
MBOX,7180501,18061140.0,7180501.0,1.0
SLERF,7180092,2367.32,7180092.0,1.0
HUSD,7142070,1.12,7142070.0,1.0
FROK,7133123,427.53,14935349.0,0.47760002126498685
NALPHA,7131039,39.81,7131039.0,1.0
PHB,7124820,2.17,7135991.0,0.998434555200532
PORTO,7104985,2869320.0,25087765.0,0.283205179895459
MORI,7102700,1153802.0,7883975.0,0.9009034148383271
INC,7101735,91522.0,23672450.0,0.3
PEPPER,7083832,173252.0,7083832.0,1.0
USDN,7067857,103483.0,7067857.0,1.0
NEST,7067495,663925.0,52683015.0,0.13415130094585512
USDX,7062240,2.59,7062240.0,1.0
DUSD,7034208,112858.0,7034208.0,1.0
OFC,7028309,3643915.0,43579744.0,0.1612746738484742
SN81,7021246,190325.0,7021246.0,1.0
TRADOOR,7012566,3870504.0,29322877.0,0.23914999882173907
SAVE,7004738,774.73,7004738.0,1.0
SWARMS,6998477,4441440.0,6998477.0,1.0
UMBRA,6995316,92507.0,13611249.0,0.5139363771833136
MET,6987365,18497.93,11444186.0,0.610560244302216
OLAS,6979296,181407.0,13944952.0,0.5004890658641206
SAGA,6974852,14426237.0,19006329.0,0.36697523230288187
ARIA,6972789,2500292.0,38102670.0,0.1830000102355032
DSYNC,6955066,418108.0,6955066.0,1.0
COQ,6917896,2726014.0,6917896.0,1.0
SWEAT,6879989,1591917.0,15904929.0,0.43256961411144934
LAZIO,6856656,5383126.0,20810982.0,0.3294729676860035
ANYONE,6851792,150689.0,8571416.0,0.7993769057527951
VIN,6850849,36907.0,6850849.0,1.0
RLS,6816325,3410018.0,34290529.0,0.19878156443722406
MIN,6807307,124989.0,9719512.0,0.7003753892170718
PROMPT,6795881,3008627.0,30352266.0,0.2239002847431556
GRIN,6767723,8018.98,6767723.0,1.0
ELIZAOS,6751078,672399.0,8498614.0,0.794374000278163
PAYAI,6745996,3489448.0,6745996.0,1.0
PIKA,6740406,5327.97,6740406.0,1.0
AAPLX,6727151,9987236.0,188456031.0,0.03569613009625572
QUICK,6695076,1284010.0,8121805.0,0.8243335071452713
PMT,6683386,326921.0,38708813.0,0.17265799393021947
SDT,6678117,3475.96,6850462.0,0.9748418427837422
PEPECOIN,6677913,299502.0,7401466.0,0.902241934233029
OXYON,6660530,1799153.0,6660530.0,1.0
BLUE,6646935,414748.0,13315419.0,0.4991908253131201
CDP,6625100,363919.0,6625100.0,1.0
D,6616434,4205951.0,8230515.0,0.8038906435381018
BCN,6614802,2.57,6616485.0,0.9997456353335645
TOS,6612286,26382.0,6612286.0,1.0
ANY,6601467,12.84,6601467.0,1.0
HERA,6598754,417.38,14230653.0,0.4637000143282251
NOM,6591710,13849073.0,16533523.0,0.3986875634430726
MROX,6591292,0.0,6591292.0,1.0
MCDULL,6590814,20.04,6590814.0,1.0
TRIPLET,6571768,527212.0,6571768.0,1.0
SMOLE,6562305,169.35,6562305.0,1.0
SPACEX,6555262,3313502.0,6555262.0,1.0
REPPO,6539395,1989041.0,16793106.0,0.3894094993505073
PXC,6527489,16238.39,6527489.0,1.0
ANON,6521370,516352.0,9862772.0,0.6612106616679367
AZND,6505364,2913.58,6505364.0,1.0
BTCLE,6505067,114965.0,87688494.0,0.07418381481155327
IRON,6495473,16011.44,6499044.0,0.9994505345709307
TURTLE,6490718,1032625.0,41956805.0,0.15470000635177059
SN54,6472636,293611.0,6472636.0,1.0
NATI,6452324,58.83,6452324.0,1.0
HEMI,6450887,6791279.0,65993734.0,0.09774999244625254
EARNUSD,6444874,208.58,6444874.0,1.0
LADYS,6437889,633882.0,6437889.0,1.0
CRMC,6423200,7403.37,29216666.0,0.21984712424066455
RHC,6407707,1534.38,6407707.0,1.0
SN43,6404795,164494.0,6404795.0,1.0
BKN,6398988,167419.0,12813533.0,0.49939294650429356
LUNA,6389966,150747.0,6389966.0,1.0
OORT,6384379,159979.0,16491241.0,0.3871375719995845
RXRC,6373205,2279835.0,60545446.0,0.10526316050260824
DOLZ,6353764,8234.41,6353764.0,1.0
HEI,6331960,12022169.0,7175636.0,0.8824249167599917
NFP,6324435,3762264.0,9887350.0,0.6396491476482576
RAIN,6311488,20880.0,6311488.0,1.0
PIVX,6292423,1506196.0,6292423.0,1.0
IVT,6291923,270939.0,16034068.0,0.39240964925432525
PAAL,6290602,2164553.0,7009093.0,0.8974915869999157
V,6266884,11.97,6266884.0,1.0
AVA,6262768,1182463.0,6262768.0,1.0
LFI,6261860,1083571.0,9939488.0,0.6299982453824583
NEON,6253038,491905.0,26112476.0,0.23946553363993517
OVER,6244470,28244.0,6244470.0,1.0
SN30,6234125,460583.0,6234125.0,1.0
PNG,6231518,420815.0,14351361.0,0.43421094347776495
MERC,6230947,73.68,11672064.0,0.5338342044731763
RACA,6229109,489520.0,6229109.0,1.0
MCOIN,6218616,280589.0,17566713.0,0.3539999771158099
SN39,6195572,39386.0,6195572.0,1.0
POFU,6182659,13.31,6182659.0,1.0
TQQQON,6182279,4286289.0,6182279.0,1.0
HPL,6181465,20629.0,16041260.0,0.38534784674021866
APRA,6176177,109963.0,44754912.0,0.1379999808736078
MIL,6175828,58753.0,25425392.0,0.24290001113847134
SN10,6159830,53155.0,6159830.0,1.0
SN15,6143188,775660.0,6143188.0,1.0
马币,6142412,28045.0,6142412.0,1.0
JUV,6133259,5031245.0,7864786.0,0.7798380019494491
CDXUSD,6124806,309.77,6124806.0,1.0
SPC,6122188,6423.55,9096783.0,0.6730058307425822
DAKS,6120476,306.02,6120476.0,1.0
GALEON,6094439,34953.0,25488143.0,0.23910878874149444
T99,6086904,241614.0,3024388153.0,0.0020126067462478913
TOWNS,6086290,8655888.0,29223977.0,0.20826357754114028
BTR,6068167,1744067.0,23196355.0,0.2616000229346378
SN2,6065319,29945.0,6065319.0,1.0
NUMI,6046447,96233.0,18746743.0,0.32253319950030784
DN,6040640,1787595.0,26847290.0,0.22499999068807316
OUSD,6015020,468086.0,6015020.0,1.0
PIT,6014546,107427.0,6014546.0,1.0
COS,6009283,5282138.0,11493332.0,0.522849509611312
SYMM,6007237,7032.84,6497416.0,0.9245578549995875
FHE,5997994,2362910.0,24088327.0,0.24900002395351076
SN77,5992698,371409.0,5992698.0,1.0
RIO,5992522,642456.0,5992522.0,1.0
MNSRY,5971497,320255.0,5971497.0,1.0
ANY,5956994,4.19,27077244.0,0.22000001181804174
LYX,5955146,119129.0,8213349.0,0.7250569773669668
GLC,5954723,25.88,5954741.0,0.9999969771985046
WOLF,5952691,765596.0,5952691.0,1.0
MLN,5949089,1941414.0,5949089.0,1.0
AGRS,5937257,12106.23,13853600.0,0.4285714182595138
DETO,5931368,4.09,10605984.0,0.5592473079348413
REG,5922080,17.0,40527131.0,0.1461263073371762
VIC,5907904,5915388.0,9789336.0,0.6035040578850291
SN12,5906826,2702.48,5906826.0,1.0
HPP,5905032,130243.0,80059687.0,0.07375787017503578
SN48,5895798,178317.0,5895798.0,1.0
SN53,5889675,15228.56,5889675.0,1.0
PUSD,5884644,43679.0,5884644.0,1.0
WEXO,5884298,112887.0,15486752.0,0.37995688185618265
TDROP,5883885,115318.0,5883885.0,1.0
BOB,5882716,776842.0,5882716.0,1.0
USR,5882322,9745.31,5882322.0,1.0
USDQ,5850217,26374876.0,7044527.0,0.8304627124007048
VNXAU,5844476,23304.0,5844476.0,1.0
CITY,5834978,11485677.0,8542944.0,0.6830172362127155
SPLD,5827204,47025.0,4034996473.0,0.0014441658224468043
JOE,5826581,161822.0,5826581.0,1.0
PIKA,5808032,1.72,30568588.0,0.1900000091597296
NEX,5792879,545.87,6544063.0,0.8852113740347549
AVGOON,5788031,7061388.0,5788031.0,1.0
SN124,5771763,456597.0,5771763.0,1.0
BABYSHIBAINU,5771432,2.23,5771432.0,1.0
SOLV,5770660,4120955.0,32694960.0,0.17649998654226828
AXCNH,5769868,3887.96,5769868.0,1.0
LMWR,5751284,1153324.0,9880780.0,0.5820678124601499
PC0000111,5750000,0.0,5750000.0,1.0
TAKE,5734591,1295358.0,19739450.0,0.2905142240538617
SN41,5729860,166234.0,5729860.0,1.0
DOG,5719537,34341.0,7000398.0,0.817030260279487
LIGHT,5718349,1381551.0,55779735.0,0.10251660392434636
DESU,5715535,5147.4,5715535.0,1.0
BPT,5710450,38862.0,10574908.0,0.5399999697396894
OPAL,5675200,6200.1,7945281.0,0.714285624385091
SUNDOG,5672863,1236065.0,5672863.0,1.0
MATH,5663168,151722.0,6000054.0,0.9438528386577855
GHX,5645127,276345.0,6489939.0,0.8698274359743597
GDP,5637749,0.99672,5637749.0,1.0
OXA,5635182,153.86,13686864.0,0.4117219254900173
KRL,5634314,255192.0,6918365.0,0.8143996450028295
TLOS,5625759,883962.0,5625759.0,1.0
SN55,5619256,552146.0,5619256.0,1.0
REACT,5617672,82456.0,5619208.0,0.9997266518698009
ALTSZN,5613437,2794001.0,5613437.0,1.0
BTG,5596801,1506.69,5596801.0,1.0
MEA,5593679,92807.0,10614195.0,0.5269998337132491
CGO,5569374,929356.0,5569374.0,1.0
ESIM,5530306,113893.0,41117518.0,0.13449999584118866
COINX,5523182,4968836.0,121663349.0,0.04539725435307555
AUDD,5522242,68666.0,5522242.0,1.0
CGN,5508553,369644.0,23950231.0,0.2299999945720774
P2P,5508201,4908.2,11883030.0,0.463535057977637
LTS,5505528,9835.67,42030036.0,0.1309903232060044
KGST,5497087,108095.0,5497087.0,1.0
PUPPIES,5483241,12099446.0,5483241.0,1.0
PEAS,5479396,21977.0,5479396.0,1.0
SPARKLET,5465435,166878.0,18923839.0,0.28881216966599643
LUMI,5465205,79.49,5465205.0,1.0
TSUKI,5456922,475805.0,5456922.0,1.0
OL,5453093,632103.0,34943041.0,0.15605662369225393
SUSD,5434412,414.68,5434412.0,1.0
EURQ,5421920,10118432.0,6972324.0,0.7776345448088757
SN35,5419865,164926.0,5419865.0,1.0
BUY,5414394,100077.0,8168596.0,0.6628304301008399
GREEN,5406106,2011.1,5406106.0,1.0
VOW,5400586,35650.0,19455415.0,0.2775878078159731
ZOOM,5374881,10101.21,8010225.0,0.6710024999297772
HOODX,5370614,4720527.0,155502474.0,0.034537161125809485
QCOMON,5360455,2875101.0,5360455.0,1.0
MSYRUPUSDP,5358704,3.58,5358704.0,1.0
FUEL,5354799,131280.0,6732553.0,0.7953593532795064
IWNON,5350639,76526.0,5350639.0,1.0
SPA,5342473,179893.0,13770821.0,0.3879560267321752
MINIMA,5336942,75943.0,7936782.0,0.6724314715964228
OXT,5336916,2157202.0,9021999.0,0.5915447341548142
ANDY,5331594,319682.0,5331594.0,1.0
PIXEL,5314956,7808916.0,34466075.0,0.1542083338471236
GPT,5310117,1970.43,13579952.0,0.3910261980307441
SOSANA,5306035,4478.06,14163612.0,0.37462442489952424
YU,5296759,1.85,5296759.0,1.0
SWITCH,5289093,612.23,5593302.0,0.9456119122478993
NX8,5285837,295092.0,5285837.0,1.0
FBOMB,5282221,38469.0,5282221.0,1.0
ESE,5281119,283095.0,6001589.0,0.8799534589922768
DETH,5275184,35920.0,5275184.0,1.0
HAEDAL,5253380,3732050.0,26940411.0,0.194999994617751
ETHDYDX,5246076,9112740.0,141538638.0,0.03706462118139077
DOGINME,5224577,273702.0,5224577.0,1.0
D,5221838,3.32,5219074.0,1.0005295958631741
HEART,5219595,97702.0,5219595.0,1.0
BROCCOLI,5215816,1297549.0,5215816.0,1.0
WAI,5211780,274955.0,15509712.0,0.336033318993931
OVPP,5196241,754816.0,6405390.0,0.8112294489484637
OI,5186146,705.38,5186146.0,1.0
FWOG,5174382,1248510.0,5174382.0,1.0
AUTO,5154079,1919.99,5154079.0,1.0
VCHF,5126566,470912.0,5126566.0,1.0
BEAR,5125999,42029.0,5125999.0,1.0
OVPP,5119743,92987.0,6399679.0,0.7999999687484325
MANYU,5113274,2548928.0,5113274.0,1.0
METFI,5107342,21468.0,7171058.0,0.7122159659007081
HBHYPE,5105010,6410.84,5105010.0,1.0
EKUBO,5093262,14334.59,5093262.0,1.0
DORA,5089814,14818.45,5089814.0,1.0
OMIKAMI,5084617,94771.0,5084617.0,1.0
CINO,5067344,23387.0,7680394.0,0.659776568754155
JAGER,5057324,185573.0,5057324.0,1.0
BIGSB,5045874,25006.0,25230705.0,0.19998941765598702
CRVFRAX,5043179,1837136.0,5043179.0,1.0
XEM,5040176,334547.0,5040176.0,1.0
MIM,5037749,66330.0,5037749.0,1.0
WIN,5028690,385.92,5028690.0,1.0
CXT,5019027,273014.0,5189521.0,0.9671464861593199
BTM,5016636,2113.63,9333197.0,0.5375045656916917
NKN,5014534,110210.0,5016166.0,0.999674651915427
RAIN,5012125,1972.32,5012125.0,1.0
SOIL,5003869,37616.0,7094964.0,0.705270527094993
USD3,5000641,1033.61,5000641.0,1.0
ZPAY,4997589,48792.0,5684827.0,0.8791101294727175
SKI,4986024,225658.0,4986024.0,1.0
SETH,4977730,55.11,4977730.0,1.0
SR,4973041,27140.0,4973041.0,1.0
DNT,4970613,17644.13,6616705.0,0.7512217939291536
XTN,4962948,1984.33,4962948.0,1.0
ALLINDOGE,4958386,91633.0,4958386.0,1.0
AMZNX,4957277,10125304.0,116084638.0,0.04270398810219833
SN74,4940922,285554.0,4940922.0,1.0
AIX,4924592,111713.0,6800204.0,0.7241829803929412
CAW,4915082,69197.0,4915082.0,1.0
DUPE,4913544,179175.0,4913544.0,1.0
SWAP,4904989,433088.0,4904989.0,1.0
AFC,4904741,2365023.0,8617431.0,0.5691651026854755
WOJAK,4901879,511632.0,4901879.0,1.0
DADDYDOGE,4900967,40.87,4900967.0,1.0
DADDY,4899866,451669.0,4899866.0,1.0
POR,4892059,1362598.0,7809742.0,0.6264046878885372
SN71,4886467,402888.0,4886467.0,1.0
DMTR,4875903,110372.0,6517961.0,0.7480718279842423
A8,4875030,684082.0,8852735.0,0.5506806653537014
GBYTE,4872120,7017.5,5220614.0,0.9332465491606926
PROPC,4853985,20613.0,7151734.0,0.6787144208663242
YEE,4851977,722931.0,4851977.0,1.0
HERO,4846917,1220.41,4846917.0,1.0
UBT,4846024,1172.11,4846024.0,1.0
ASD,4830535,969999.0,4830535.0,1.0
SN97,4823940,484450.0,4823940.0,1.0
WNTV,4816541,509554.0,4816541.0,1.0
ACM,4806613,2349858.0,7028036.0,0.6839198034842167
SWELL,4804830,1715127.0,9061728.0,0.5302333064951851
KEKIUS,4801805,873338.0,4801805.0,1.0
PRXVT,4793393,494192.0,7682224.0,0.6239590254072258
AMPL,4777990,67772.0,5100582.0,0.9367538841645914
NEURAL,4762505,21514.0,4762505.0,1.0
XHYPE,4762300,12338.52,4762300.0,1.0
USDSC,4752395,52588.0,4752395.0,1.0
DIMO,4747069,50652.0,9458790.0,0.5018685265240057
NATIX,4743260,228032.0,11610514.0,0.4085314396933676
DMD,4742478,47647.0,5477414.0,0.8658242740095965
GP,4739936,278604.0,7979496.0,0.5940144590585671
BLD,4736520,1038905.0,7291755.0,0.6495720166132845
ETH0,4719654,21.31,4719654.0,1.0
NEXA,4715715,16807.59,4715715.0,1.0
SN32,4715605,131459.0,4715605.0,1.0
TONIC,4710869,75633.0,7705422.0,0.6113706686019273
WHITEWHALE,4697310,313329.0,4697310.0,1.0
ZKJ,4696485,4416595.0,8831207.0,0.5318055617991969
USDUC,4688937,1359519.0,4688937.0,1.0
M87,4683624,206484.0,4683624.0,1.0
AVT,4674491,54214.0,5011702.0,0.9327152731746621
OCTA,4668381,137344.0,4668381.0,1.0
PDT,4652388,5049.9,4652388.0,1.0
LLYON,4649271,1320009.0,4649271.0,1.0
SN107,4641761,241293.0,4641761.0,1.0
SCL,4635111,913.21,4969716.0,0.932671202941979
SBD,4632581,2159698.0,4632581.0,1.0
IBMON,4631499,1082947.0,4631499.0,1.0
ALPINE,4617976,3826357.0,16260480.0,0.28399998032038415
PUSS,4612235,479740.0,4612235.0,1.0
PUNDIAI,4606992,20591.0,4606992.0,1.0
OOB,4603018,115254.0,13395396.0,0.34362687000817294
PRCL,4590570,515210.0,10140550.0,0.45269438048232097
FROGGIE,4587588,827753.0,4587588.0,1.0
BRAINLET,4579841,3196.97,4579841.0,1.0
ONDSON,4573232,1555186.0,4573232.0,1.0
WPAY,4572972,857434.0,3836489080.0,0.0011919679437742594
MNTX,4567604,65938.0,4567604.0,1.0
ALPH,4566395,133669.0,7594984.0,0.6012382646230723
GNUS,4555312,543.37,5571353.0,0.817631192997464
SN59,4553976,1162019.0,4553976.0,1.0
CATE,4552674,9950.44,4753330.0,0.9577862256565397
LOOPIN,4547712,4.42,5124648.0,0.887419389585392
DOC,4547702,111650.0,4547702.0,1.0
TOMI,4539841,126.71,4539841.0,1.0
BFG,4531487,6386.77,22086435.0,0.20517059453008146
ZARP,4522194,10050.75,4522194.0,1.0
NECT,4517093,32174.0,4517093.0,1.0
GFAL,4515295,12235.14,8594968.0,0.5253416882994795
SN25,4511951,106190.0,4511951.0,1.0
MAMO,4505341,480172.0,9477843.0,0.4753550992562337
WTN,4503436,41.57,4503436.0,1.0
METAX,4498092,2537782.0,118327512.0,0.03801391514088456
RHEA,4490107,1047599.0,22450536.0,0.19999999109152672
GME,4489661,118664.0,4489661.0,1.0
LINGO,4448339,101126.0,4448339.0,1.0
SN22,4440640,55642.0,4440640.0,1.0
KCT,4426528,348617.0,6002072.0,0.737499983339087
WOD,4406515,1885193.0,8524372.0,0.5169313352350179
SN7,4393786,14805.3,4393786.0,1.0
SN27,4390490,215799.0,4390490.0,1.0
REST,4372062,0.0,4372062.0,1.0
EQB,4371585,189.94,4371585.0,1.0
SUKU,4356065,232398.0,10097704.0,0.4313916312064604
HOODON,4342371,2377844.0,4342371.0,1.0
0X0,4341858,22110.0,4341858.0,1.0
BURNIE,4328278,999318.0,4328278.0,1.0
YEC,4328040,3169.49,4328040.0,1.0
KEYCAT,4325447,322322.0,4325447.0,1.0
MDAO,4320675,75283.0,5278415.0,0.8185553807345576
MEDGE,4305216,55.73,4305216.0,1.0
DEOD,4296957,311769.0,12340333.0,0.3482042988629237
PURPE,4287705,366565.0,4287705.0,1.0
XDOG,4286743,966036.0,4286743.0,1.0
HLSCOPE,4285455,0.0,4285455.0,1.0
BLZ,4282988,241717.0,4542640.0,0.9428411672507617
EPIC,4281709,61151.0,4281763.0,0.9999873883724998
SAN,4279350,2.59,5568133.0,0.7685430646142971
MYST,4269179,51796.0,4269179.0,1.0
ICE,4268986,516.06,13292252.0,0.32116348681923873
BIDZ,4263406,8.61,28094754.0,0.15175096389881185
BTCMT,4256499,131164.0,24346467.0,0.174830253605174
XPT,4235211,19080.67,4235211.0,1.0
PKOIN,4231718,38631.0,4552590.0,0.929518801385585
DIME,4229543,10007.95,19092552.0,0.2215284263727552
UFO,4226280,8517.83,4226280.0,1.0
IMO,4218732,48039.0,6585211.0,0.6406373311348718
MSFTX,4206493,123819.0,116094614.0,0.0362333174215989
SQUIRE,4204522,906532.0,4204522.0,1.0
ADO,4196710,1554.67,8393419.0,0.5000000595704801
STRIKE,4188731,216900.0,39911684.0,0.10494999409195563
BMC,4183700,8893.43,4183700.0,1.0
BTR,4176822,453401.0,9333183.0,0.4475238511877459
SN61,4176418,76296.0,4176418.0,1.0
TRUNK,4171581,39810.0,4171581.0,1.0
JOBCOIN,4167250,24813.0,4167250.0,1.0
PORK,4150724,67785.0,5284534.0,0.7854474964112257
SN23,4149987,388900.0,4149987.0,1.0
KOMA,4142122,399495.0,4142122.0,1.0
CHI,4139227,7.35,46228057.0,0.08953928130702098
REAL,4120359,102651.0,4120359.0,1.0
RMV,4113709,113274.0,5306295.0,0.7752507163661274
GRG,4094530,95.13,4721360.0,0.8672352881373163
ZAUTH,4092421,81609.0,4307820.0,0.9499981429121922
B3TR,4081419,199389.0,4081419.0,1.0
CRTS,4078302,287775.0,7971156.0,0.5116324407651789
STNK,4076067,10853.1,4076067.0,1.0
TRUE,4069075,66594.0,4591977.0,0.8861270428837078
SYND,4064290,100790.0,8490265.0,0.47870001701949233
WINGS,4043910,42030.0,41038845.0,0.09853859191212619
SN6,4043101,137505.0,4043101.0,1.0
MEMECOIN,4038838,454449.0,4038838.0,1.0
CATX,4037635,79026.0,4037635.0,1.0
MEMECOIN,4028164,31245.0,4028164.0,1.0
EMBLEM,4027298,165509.0,4027298.0,1.0
CLAW,4021768,140793.0,4021768.0,1.0
SN29,4020014,69295.0,4020014.0,1.0
DJED,4018491,337862.0,4018491.0,1.0
MMEV,4017917,24381.0,4017917.0,1.0
LMTON,4014524,783405.0,4014524.0,1.0
BTX,4009277,180534.0,26757620.0,0.14983683152686972
NEX,4004808,41660.0,7151443.0,0.5599999888134465
DREAMS,3995329,734108.0,4702120.0,0.8496867370462685
TRC,3994974,12598.02,16645335.0,0.24000562319713
LV,3987245,20289.0,44302726.0,0.08999999232552869
DMC,3985745,149189.0,7395560.0,0.5389375517202213
CA,3980880,832746.0,58439665.0,0.06811948699569034
TET,3980351,45518.0,4006590.0,0.9934510394125678
BP,3979745,1741715.0,3979745.0,1.0
IDIA,3975564,131.85,5312161.0,0.7483892148600165
ALU,3973294,2451987.0,5353534.0,0.7421815197213654
TESTICLE,3970667,434084.0,3970667.0,1.0
DRB,3961159,784735.0,3961159.0,1.0
GRAM,3960849,128534.0,3960849.0,1.0
RIVER PTS,3951191,740.08,3951191.0,1.0
VON,3949019,96060.0,7843915.0,0.5034499991394603
AUDM,3946047,105941.0,3946047.0,1.0
SN88,3938584,182675.0,3938584.0,1.0
BEST,3935262,8322.76,6836212.0,0.5756494971191648
JEFF,3933126,81394.0,3933126.0,1.0
SN21,3932217,950566.0,3932217.0,1.0
ARMY,3930775,29272.0,3930775.0,1.0
PX,3921628,10752.63,4213393.0,0.9307529584826291
SHDW,3917677,61892.0,3917677.0,1.0
CDT,3916516,4370.29,3916516.0,1.0
WXT,3913940,342083.0,17013433.0,0.23004998462097567
ASTEROID,3908399,1052765.0,3908399.0,1.0
BERASTONE,3908070,16465.62,3908070.0,1.0
SN42,3900698,86182.0,3900698.0,1.0
BMT,3888399,2937322.0,15178332.0,0.25618091632203066
DINO,3887557,281090.0,3887557.0,1.0
FARM,3874127,175415.0,3979233.0,0.9735863670209812
XAGM,3868164,13852.55,3868164.0,1.0
SN37,3867825,20886.0,3867825.0,1.0
TKO,3866976,935949.0,25779838.0,0.15000001163700097
NOBODY,3863421,236928.0,3863421.0,1.0
EVR,3850096,2471.71,7690972.0,0.5005994040805245
THREE,3849077,3917161.0,3849077.0,1.0
UBU,3837112,61.2,3837112.0,1.0
LYNK,3832553,3103.4,3832553.0,1.0
SLR,3823440,1.75,5787031013.0,0.0006606911197487996
TRADE,3821577,257832.0,3821577.0,1.0
ZEX,3813897,87549.0,20311575.0,0.18776963381717074
NOVA,3806364,18180954.0,3806364.0,1.0
LFT,3799772,0.691162,6171091.0,0.6157374765661372
SN60,3793810,342400.0,3793810.0,1.0
EDGE,3792878,1583.14,5543839.0,0.6841609217006482
MEOR,3787973,0.0,3787973.0,1.0
BZZ,3783615,68758.0,3783615.0,1.0
LMAO!,3775059,406060.0,3775059.0,1.0
BOSON,3759745,63939.0,5196614.0,0.723498993767865
NUTS,3757310,73176.0,11900161.0,0.31573606441122937
NVL,3748511,2486.82,4645050.0,0.8069904522018062
PACK,3729993,18569.08,6011408.0,0.6204857497611208
FAF,3725157,13671.17,3725157.0,1.0
SN45,3720625,104713.0,3720625.0,1.0
KOON,3719046,2810908.0,3719046.0,1.0
ZEPH,3710963,109607.0,3710963.0,1.0
GIB,3705557,9056.98,3705557.0,1.0
SN110,3691149,695773.0,3691149.0,1.0
CESS,3690984,170703.0,13928240.0,0.2650000287186321
SCS,3690647,19170.09,3690647.0,1.0
DENT,3682903,278963.0,3850195.0,0.9565497331953317
AFR,3680363,2032.02,3680363.0,1.0
DPI,3670773,18066.64,3670773.0,1.0
BOOB,3669755,75444.0,3669755.0,1.0
SN65,3667913,114385.0,3667913.0,1.0
ATTN,3667113,37245.0,10382447.0,0.3532031514343391
OCICAT,3658342,40795.0,7516329.0,0.4867192481861824
LUMINT,3657225,101371.0,78369102.0,0.04666666972909808
IR,3655835,2489144.0,17833341.0,0.20500000532710053
XTM,3649509,108519.0,3649509.0,1.0
AUDF,3634751,1858547.0,3634751.0,1.0
BABAON,3627907,2581978.0,3627907.0,1.0
OBSR,3627078,15097.73,7803667.0,0.4647914884117941
GYEN,3625141,13.51,3625141.0,1.0
FTMX,3623167,80108.0,6583492.0,0.5503412170926918
SHARE,3616345,2159446.0,20146770.0,0.17949998932831418
SPECTRE,3613748,90616.0,3613748.0,1.0
CLV,3606922,39155.0,5892985.0,0.6120704532592566
GME,3602167,390447.0,3602167.0,1.0
SN72,3601629,117220.0,3601629.0,1.0
PHT,3597633,5010.15,3597633.0,1.0
SEND,3581582,1299250.0,5123307.0,0.699076202148339
SN20,3577547,15098.85,3577547.0,1.0
MBASIS,3574427,9.99,3574427.0,1.0
POLIS,3570767,54470.0,3734759.0,0.9560903394302015
ATLAS,3562623,57061.0,5162029.0,0.6901594314948637
LOFI,3559725,54078.0,3559725.0,1.0
MVC,3556931,169556.0,3806543.0,0.93442554044444
TRIAS,3552407,1978.2,3552407.0,1.0
OBT,3547792,344610.0,6335342.0,0.5600000757654441
LQ,3547208,13067.65,3669413.0,0.9666963081015956
PRISM,3545107,1375335.0,3545107.0,1.0
NS,3545081,465999.0,6426993.0,0.551592478784402
KARRAT,3534957,240562.0,4273639.0,0.8271538611473734
FEI,3530300,18332.51,3785833.0,0.9325028335903882
STM,3528495,7337.26,3528495.0,1.0
DITAU,3524889,186043.0,3524889.0,1.0
NODL,3522909,60912.0,4102219.0,0.8587813083601826
DYNA,3514218,45.82,3638592.0,0.9658180966703604
VARA,3506624,279241.0,6124686.0,0.572539392223536
PB,3504846,89.96,3504846.0,1.0
67,3489548,761556.0,3489548.0,1.0
BONZO,3474739,3504.93,6423053.0,0.5409793442464199
DLLR,3474637,18469.53,3474637.0,1.0
1R0R,3474501,32810.0,6387801.0,0.5439275581690789
AMIKO,3466615,389332.0,4334786.0,0.7997199861769416
SN38,3466316,75232.0,3466316.0,1.0
SN121,3465254,21644.0,3465254.0,1.0
WEN,3464709,201107.0,3464709.0,1.0
PEAR,3454642,12305.24,11447021.0,0.3017939776645819
DRGN,3443725,2428.07,4050664.0,0.8501630843733274
FIDU,3442928,57.42,3442928.0,1.0
NMT,3434449,12133.63,8184174.0,0.41964515905942373
A0T,3430140,14514.86,3430140.0,1.0
VTC,3428631,11341.18,3428644.0,0.9999962084135886
NOWON,3420904,430193.0,3420904.0,1.0
ORTA,3410744,17475.4,6496655.0,0.5250000192406707
OAS,3409803,208259.0,5026700.0,0.6783382736188752
BEAM,3402714,64013.0,4468904.0,0.7614202497972657
EAT,3395249,93659.0,15929056.0,0.2131481614478598
IWMON,3385335,55598.0,3385335.0,1.0
GEMS,3383054,251445.0,4402975.0,0.7683563953917522
SOLIDX,3375201,3207.0,3375201.0,1.0
EDUM,3357992,1361.33,42849103.0,0.07836784821376541
XCP,3347012,2542.81,3423737.0,0.9775902763559233
XEP,3344421,116845.0,5354171.0,0.624638436090293
NFTX,3342557,150.55,5173005.0,0.6461538312837509
CTOC,3322802,3.88,274627130.0,0.012099321723968059
KAN,3316248,91567.0,6081934.0,0.5452620827519667
LCAP,3315480,60146.0,3315480.0,1.0
CSCOON,3308300,626627.0,3308300.0,1.0
SN123,3304523,404710.0,3304523.0,1.0
XMN,3303920,89355.0,25994025.0,0.12710305541369604
AI,3300606,6492121.0,25389278.0,0.1299999944858613
GRC,3294328,75.07,3401263.0,0.9685602083696556
SN73,3292718,145558.0,3292718.0,1.0
SHACK,3290662,2559.6,4087443.0,0.8050661501579349
RICE,3289814,334615.0,9677046.0,0.3399605623451619
RIZE,3283910,83734.0,11715325.0,0.28030891161790217
SGOVON,3283695,65223.0,3283695.0,1.0
LTCIC,3279894,99.84,12538938.0,0.2615766981222812
LIT,3279274,36285.0,7260407.0,0.45166531297763335
FOX,3277600,28967.0,5266421.0,0.6223581441741934
FEG,3275868,320001.0,3275868.0,1.0
SHARP,3268423,10574.49,65754098.0,0.04970675744042599
RCH,3262160,157044.0,3262160.0,1.0
PFEON,3255148,64982.0,3255148.0,1.0
RION,3251687,164563.0,19127570.0,0.17000000522805564
GOBLIN,3247458,1157403.0,3247458.0,1.0
SUPERBID,3244169,0.0,26443863.0,0.12268135710731824
DOGEKING,3243917,67514.0,3243917.0,1.0
GHST,3235237,433630.0,3335826.0,0.9698458492739129
ANGLE,3234569,32.5,16054269.0,0.20147718964968134
ZAI,3233348,111634.0,3233348.0,1.0
XTP,3230294,108.95,8551449.0,0.37774814537279006
USDX,3225508,76078.0,37942010.0,0.08501152152982934
DESPXA,3224122,1106249.0,3224122.0,1.0
SN40,3224067,107089.0,3224067.0,1.0
USDXL,3220590,11311.72,88574692327.0,3.6360160169794634e-05
SN16,3217044,599650.0,3217044.0,1.0
SN103,3212745,369284.0,3212745.0,1.0
NAKA,3211123,865790.0,8894492.0,0.3610237661689954
SN125,3197722,3849.35,3197722.0,1.0
MUMU,3197571,210938.0,3197571.0,1.0
NRS,3196656,62385.0,81950486.0,0.03900716342304547
ASMLON,3196275,1937098.0,3196275.0,1.0
SN100,3193329,441629.0,3193329.0,1.0
WAAC,3186138,6494.96,3186138.0,1.0
REN,3182000,187511.0,3182000.0,1.0
SN58,3180597,133383.0,3180597.0,1.0
VEUR,3177924,0.01865103,3177924.0,1.0
RNBW,3165811,83717.0,17587838.0,0.18000000909719546
PLT,3162762,1.8,3656053.0,0.8650755336424281
OWB,3161885,96949.0,22188624.0,0.1425002740142877
BELLS,3156420,88926.0,3156420.0,1.0
SN106,3151388,88913.0,3151388.0,1.0
SN89,3150339,20743.0,3150339.0,1.0
SN111,3145959,18117.71,3145959.0,1.0
SUP,3128931,84310.0,10326761.0,0.302992487189352
CTA,3127699,89058.0,3133701.0,0.998084692828065
AXM,3127028,65480.0,3207207.0,0.9750003663623832
AGVE,3117907,3078.56,3117907.0,1.0
PLTRON,3107998,2267858.0,3107998.0,1.0
TRYB,3106090,1309.87,3106090.0,1.0
MPS,3100734,803.01,62014675.0,0.050000004031303884
THT,3095785,989.45,11560365.0,0.2677930151859392
XERIS,3091809,55532.0,3091809.0,1.0
VYUSD,3073278,3.53,3073278.0,1.0
AEON,3068085,2359801.0,3472744.0,0.8834757183368541
IJHON,3058227,57165.0,3058227.0,1.0
INTER,3057662,511628.0,4889029.0,0.6254129398700642
MNFT,3051068,20138.0,3051068.0,1.0
PNDC,3050266,10300.36,13877522.0,0.21979903905034343
SN84,3043193,228436.0,3043193.0,1.0
DIP,3041119,403.54,3041119.0,1.0
PIN,3021439,111803.0,3776799.0,0.7999999470451036
BETA,3019216,662.1,6990767.0,0.431886229365104
COPXON,3010347,927845.0,3010347.0,1.0
PALM,3009960,13504.64,3009960.0,1.0
HODL,3009418,1304934.0,3009418.0,1.0
MOST,3008786,13632.78,3008786.0,1.0
ZRC,3005235,385237.0,13221789.0,0.22729412789751827
LIQD,3004976,38816.0,3004976.0,1.0
FOREST,3002517,1377549.0,37068114.0,0.08099999368729685
BTG,3001681,4041633.0,31596642.0,0.09500000031648932
USCR,2999061,3426.34,2999061.0,1.0
USOON,2993641,831981.0,2993641.0,1.0
USA,2985655,169900.0,2985655.0,1.0
SKEY,2983448,47740.0,3694895.0,0.8074513619466859
EVAUSDT,2979641,10916.81,2979641.0,1.0
SXP,2977811,1243.89,2977811.0,1.0
FREYA,2977731,1223.02,3265152.0,0.9119731638833353
VOLT,2977618,18136.68,2977618.0,1.0
USSI,2970213,159262.0,2970213.0,1.0
BIFI,2967652,8135.4,2967652.0,1.0
POLA,2961957,4332477.0,23451159.0,0.12630322450161205
GEAR,2960468,32086.0,2960468.0,1.0
JOFF,2959519,6555.52,2959519.0,1.0
BTS,2937800,59903.0,2937800.0,1.0
PIP,2933382,47288.0,2933382.0,1.0
ROA,2931733,92034.0,3714039.0,0.789365162832162
QUQ,2929895,403890065.0,2929895.0,1.0
VAL,2926530,9486.92,4706235.0,0.62184102578813
CHMPSTR,2924657,6118.37,2924657.0,1.0
ASK,2917832,1174.84,12627465.0,0.23107029003842022
OPAL,2908977,139354.0,3232207.0,0.8999971227090344
USDP,2908780,13361.83,2908780.0,1.0
AUDX,2908671,29016.0,2908671.0,1.0
LANA,2900883,45.04,5931775.0,0.48904130719725547
BAT,2898075,13586.96,3263045.0,0.8881504852063027
LUX,2890276,815094.0,43661833.0,0.06619685435561076
VSC,2889989,72099.0,12292834.0,0.2350954222598304
HERB,2886949,6278.52,3127449.0,0.9231002647844937
CTX,2883278,2297335.0,3424834.0,0.8418737959270435
SCA,2878755,2543260.0,4532371.0,0.6351543154785873
REI,2878427,815499.0,2917502.0,0.9866066929859859
PEIPEI,2876729,328006.0,2876729.0,1.0
OVR,2871324,144535.0,2940015.0,0.9766358334906454
BTCBULL,2871186,93401.0,2871186.0,1.0
ZCL,2871001,4361.02,2888402.0,0.9939755615734929
MUSD,2870956,2031.18,2870956.0,1.0
PINGO,2867090,20099.0,11451305.0,0.25037233747594706
BDAG,2863489,2070190.0,4314977.0,0.6636162834703406
SNC,2856637,284691.0,2856637.0,1.0
SOLX,2855143,283369.0,2855143.0,1.0
"""　""",2852230,301134.0,2852230.0,1.0
PUBLIC,2846646,818318.0,14233228.0,0.2000000281032525
DRG,2845897,24092.0,11595551.0,0.2454300791743316
BNUSD,2844466,9257.45,2844466.0,1.0
$MYRO,2843482,215565.0,2843482.0,1.0
LUSH,2840001,13.78,9243934.0,0.3072286106759308
NWISDOM,2839684,0.0,2839684.0,1.0
NUM,2836523,110536.0,2868194.0,0.9889578598937171
EWYON,2832942,112265.0,2832942.0,1.0
ZTC,2822887,1105012.0,10840944.0,0.2603912537505959
KABOSU,2820432,129.34,2820432.0,1.0
OPENAI,2819452,114639.0,2819452.0,1.0
HACHI,2816975,155349.0,2816975.0,1.0
NACHO,2808859,72121.0,2808859.0,1.0
OMFG,2804323,25789.0,2804323.0,1.0
IBS,2796416,139549.0,13895183.0,0.20125074999012246
TQQQX,2793311,7401.84,172254446.0,0.016216191017792366
FOXSY,2791632,292974.0,4839153.0,0.5768844258489038
CULT,2790901,72200.0,3597476.0,0.7757941957083244
SLERF,2790472,145910.0,2790472.0,1.0
CLUDE,2788818,239990.0,2788818.0,1.0
$NRG,2786527,15667.01,2786527.0,1.0
SMCION,2778456,3012743.0,2778456.0,1.0
WFCA,2769854,76061.0,9446257.0,0.2932223842734747
GAIB,2769462,337290.0,13520671.0,0.2048316980717895
GOLDAO,2765375,130.2,2765375.0,1.0
PSC,2764633,490.23,2764633.0,1.0
QST,2763773,23220.0,2763773.0,1.0
RWA,2761512,357664.0,2761512.0,1.0
WFRAGSOL,2753911,334.85,2753911.0,1.0
LAYER,2750325,8387.18,3055916.0,0.9000001963404753
EMP,2743599,91727.0,2743599.0,1.0
PAR,2743128,3546.85,2743128.0,1.0
SNPAD,2741411,1019.55,2741411.0,1.0
EXCC,2741409,41432.0,2845656.0,0.9633662677428333
ALEPH,2739664,99046.0,7347624.0,0.3728639353347422
VUSD,2738010,13321.08,2738010.0,1.0
FENGSHUI,2737072,28419.0,2737072.0,1.0
SN114,2728118,196184.0,2728118.0,1.0
SOLO,2726921,3967.48,2726921.0,1.0
LWA,2722176,1211053.0,2722176.0,1.0
COIN,2720328,86.85,2720328.0,1.0
XNV,2719631,28444.0,2719779.0,0.999945583813979
LM,2718716,63446.0,3607419.0,0.7536457506045181
WIRE,2715582,47087.0,2726963.0,0.9958264926953537
DEVVE,2715019,585519.0,3728143.0,0.7282496942847954
ALPHA,2713546,14407.9,2713546.0,1.0
TKFG,2712421,44099.0,15438567.0,0.17569124129201888
STAT,2704385,353421.0,3452453.0,0.7833227563126856
THQ,2701087,2143040.0,17050130.0,0.15842031702984083
NERO,2699116,21480.0,20893510.0,0.129184421382525
BRIDGE,2698511,11.7,2698511.0,1.0
GOLD,2697314,42235.0,2697314.0,1.0
BID,2696988,252304.0,6997184.0,0.3854390566262085
EVAUSDC,2693272,502.83,2693272.0,1.0
COOK,2692625,162521.0,14024089.0,0.1919999937250826
GOG,2687639,9156.2,3358986.0,0.8001340285431378
NAV,2687190,58075.0,2687190.0,1.0
MCDON,2686794,256098.0,2686794.0,1.0
FPIS,2684283,699.58,9278473.0,0.289302237555684
CVXON,2682984,3121687.0,2682984.0,1.0
SN98,2682646,43950.0,2682646.0,1.0
CODEC,2681001,276017.0,3574780.0,0.7499765020504758
HSUITE,2680924,1396.5,4816406.0,0.5566233411386
PAIN,2672134,8226.33,5344338.0,0.499993451013016
PROS,2672052,66956.0,23857608.0,0.11199999597612635
MIU,2667376,87417.0,2667376.0,1.0
VTX,2666634,1625.86,100039397.0,0.02665583839934581
LYXE,2659796,1493.12,17076341.0,0.15575912896094077
DHC,2656439,21512.0,2656439.0,1.0
PIRATE,2655969,39912.0,3621959.0,0.7332962631548287
SOLVBTC.JUP,2651874,12.19,2651874.0,1.0
EVAA,2644697,1419672.0,19981171.0,0.13235945981344135
RWA,2639599,558830.0,14664436.0,0.1800000354599386
DDX,2635825,11729.69,2635825.0,1.0
GAFI,2633561,35971.0,3598410.0,0.7318679639062808
JUNO,2630029,2049.21,3494190.0,0.7526863164281279
A47,2629726,67830.0,2629726.0,1.0
INTCX,2624430,34442.0,182166084.0,0.014406798139218933
SWAP,2623159,19700.3,3589439.0,0.7307991583085824
GXA,2620426,7735.21,6496434.0,0.40336375309900785
ALD,2619636,8514.34,2622431.0,0.9989341950274383
THAT,2616621,15784.43,6435342.0,0.4066017004224484
MGG,2615984,5.38,33596427.0,0.07786494676948831
LIMUSD,2614209,8030.85,2614209.0,1.0
PENGUIN,2613351,1483386.0,2613351.0,1.0
KDK,2613179,70349.0,17716465.0,0.1475000232834259
POP,2611609,1248468.0,18141422.0,0.14395834020067447
PGON,2607337,203930.0,2607337.0,1.0
ARW,2603315,19913.22,70213699.0,0.037077023957960115
ALOT,2602526,16857.9,4116162.0,0.6322700612852458
TRCR,2601382,16622.42,31074636.0,0.0837139974865675
LAYOFF,2595551,101204.0,2595551.0,1.0
CEEK,2593637,58748.0,2593637.0,1.0
RIFT,2589069,5090.52,2589069.0,1.0
PMX,2576019,1.23,2576019.0,1.0
WARD,2567447,3145938.0,10256659.0,0.2503200116139183
GMEE,2565100,300641.0,5979670.0,0.42897016056069986
DAY,2562812,861.9,4381420.0,0.5849272610249645
REEF,2555037,1624093.0,2555037.0,1.0
COPI,2549724,2.56,9482910.0,0.26887569322075183
RETIRE,2547522,841705.0,2547522.0,1.0
NLS,2547104,61739.0,2690577.0,0.9466757502201201
REAL,2541925,35806.0,2541925.0,1.0
TAOBOT,2540667,9792.91,3174445.0,0.8003499824378749
RZR,2540090,5062.98,3143481.0,0.8080500566092176
SN115,2539033,3902.33,2539033.0,1.0
VNO,2535304,6296.23,9049932.0,0.28014619336366287
ARENA,2532563,41147.0,5393584.0,0.46955104435195594
KYO,2529748,1391886.0,2529748.0,1.0
SWISE,2521724,589.42,3342513.0,0.7544395489262121
AEUR,2514373,5178.79,2514373.0,1.0
POCK,2510701,13433.16,2886568.0,0.8697875816540611
KO,2507415,8975.91,11528346.0,0.21749997788060838
MYTH,2505225,9576.85,3145621.0,0.7964166693953276
BULL,2501714,696280.0,2501714.0,1.0
SN127,2501593,284853.0,2501593.0,1.0
SYS,2491722,126507.0,2491766.0,0.9999823418410878
JPMON,2491571,1747863.0,2491571.0,1.0
KDA,2490501,10664.73,2490501.0,1.0
LOA,2490037,733162.0,2490037.0,1.0
GORK,2487304,123689.0,2487304.0,1.0
SHIDO,2484903,96785.0,2484903.0,1.0
AIN,2484873,62861.0,6455792.0,0.3849059882970207
VK,2484266,24.17,2484266.0,1.0
$NAP,2480949,4804.63,2480949.0,1.0
FXN,2480174,31373.0,20053069.0,0.12368051992440658
BULL,2474379,1412659.0,2474379.0,1.0
RISE,2473264,14110.47,6870265.0,0.3599954295794995
ARX,2472149,124772.0,70219196.0,0.03520617068871025
DOGI,2468401,51.41,2468401.0,1.0
MHNA,2465659,2310.05,2465659.0,1.0
ISC,2462944,5119.84,2462944.0,1.0
P33,2459831,18255.48,2459831.0,1.0
PATIENCE,2459608,280.69,11713888.0,0.20997366544737323
SN112,2453425,14012.57,2453425.0,1.0
GS,2447584,6423.79,11120666.0,0.22009329297364025
SAFEMARS,2446877,246.36,2446877.0,1.0
GOATED,2446394,4564.8,15376681.0,0.15909766223283164
INDY,2440950,13596.86,4553361.0,0.5360765377487091
NVOON,2436690,101477.0,2436690.0,1.0
RAILS,2433588,44640.0,4851940.0,0.5015700936120397
DJI6930,2429509,190832.0,2429509.0,1.0
CL8Y,2412822,186.66,2412822.0,1.0
GPST,2412759,60.78,2412759.0,1.0
GINI,2409613,127.09,5032713.0,0.478790068100446
FIS,2406332,58390.0,2406332.0,1.0
BT365,2398901,1158.8,2398901.0,1.0
VAI,2398645,68258.0,2398645.0,1.0
YUMMY,2394365,1.13,6204210.0,0.3859258471263868
WISE,2388412,3013.95,55823613.0,0.042784977031135554
ETHY,2383556,70959.0,2619292.0,0.9100001068991163
TREVEE,2382371,4771.78,3620230.0,0.6580717247246722
SOGNI,2375095,201761.0,9885926.0,0.24025012932526502
RETARDIO,2374532,657463.0,2374532.0,1.0
LENDS,2372567,86.98,2372567.0,1.0
ADP,2371206,21232.0,5300916.0,0.44732004808225595
EFL,2368049,28.3,2368080.0,0.9999869092260396
AIDOGE,2358694,507089.0,2358694.0,1.0
SNS,2357956,61819.0,9431644.0,0.25000477117244885
ZEUS,2353206,1653756.0,2526498.0,0.9314101970395385
MY,2352018,325501.0,76144478.0,0.03088888468051485
FLAY,2344620,378.63,3907700.0,0.6
CKP,2337724,22821.0,5936106.0,0.39381439617149694
ZYPTO,2333195,1733.55,2333195.0,1.0
ACT,2332771,44578.0,3043426.0,0.7664950618152043
CORAL,2328534,228860.0,2328534.0,1.0
GMCOIN,2318909,3764.28,2576565.0,0.900000194056816
TNK,2318525,97983.0,2318525.0,1.0
YLAY,2316364,1666.8,3340072.0,0.6935072058326887
CAMP,2316324,2211421.0,11030115.0,0.2099999864008671
PROPS,2313546,557154.0,5759602.0,0.4016850469876217
AZERO,2298153,162286.0,3952975.0,0.5813730165255282
LOAF,2296614,109.64,2296614.0,1.0
RYU,2295507,8287.22,2295507.0,1.0
IRENON,2293999,5511310.0,2293999.0,1.0
MFT,2292100,1.55,2441897.0,0.9386554797356318
WRP,2291594,3447.65,14396643.0,0.15917558002931656
STONEUSD,2290857,1.001,2290857.0,1.0
SPDR,2289658,1083.51,2289658.0,1.0
HOLD,2288504,3764.86,2288504.0,1.0
Q,2285705,148.81,2287275.0,0.9993135936868107
WMTON,2284422,1264933.0,2284422.0,1.0
P2P,2284239,27515.0,2287973.0,0.9983679877341209
DERO,2278532,7567.93,3307078.0,0.6889864708361884
FUST,2278218,496.18,2278218.0,1.0
AE,2275436,980.18,2785073.0,0.8170112596689566
USDRIF,2269111,58705.0,2269111.0,1.0
PIB,2265548,8727.89,2763930.0,0.8196835665157945
CHILLHOUSE,2265333,444760.0,2265333.0,1.0
TAGAI,2264142,23.3,2264142.0,1.0
WNCG,2263566,3096401.0,2263566.0,1.0
ZREAL,2262959,78891.0,2262959.0,1.0
XSWAP,2245226,86130.0,2245226.0,1.0
PEPON,2244217,220861.0,2244217.0,1.0
LIKE,2242936,34.22,2764171.0,0.8114317095432952
SOVRN,2240333,12917.33,2428382.0,0.922562018660985
VERSE,2238642,896676.0,22386413.0,0.10000003126896659
EAT,2238134,32410.0,22381342.0,0.09999999106398536
HLN,2238061,42116.0,5196825.0,0.4306592967821699
VFY,2235252,407571.0,7300115.0,0.3061940805042112
$RAINI,2229475,6.2,2291989.0,0.9727249999890925
PBRON,2227315,55578.0,2227315.0,1.0
CRWVON,2223780,4126568.0,2223780.0,1.0
TRUF,2223734,105132.0,4196367.0,0.529918856000917
DOBO,2221811,251.94,4086219.0,0.5437327270026399
MCN,2217037,2355.22,2217037.0,1.0
ZKP,2214830,3828174.0,2214830.0,1.0
ZERA,2212053,269153.0,2212053.0,1.0
PEPECAT,2211097,170.89,2211097.0,1.0
DEXTF,2208251,180881.0,3355635.0,0.6580724661651223
HOOK,2206930,1077844.0,3834815.0,0.5754984269123804
DL,2205352,12017.48,11166338.0,0.1975000219409443
USSD,2202195,294187.0,2202195.0,1.0
$BORGY,2201697,1527.95,2217540.0,0.9928555967423361
EURM,2200708,59923.0,2200708.0,1.0
KIBSHI,2198338,38459.0,2198338.0,1.0
SRM,2193769,8682.43,58804220.0,0.03730631917233151
NTX,2186581,55561.0,2525599.0,0.8657672892648437
TOBY,2184309,1540.73,2427020.0,0.8999962917487289
KORI,2177889,250608.0,2177889.0,1.0
NEXI,2175651,27504.0,3973429.0,0.5475499876806658
KENDU,2173667,6542.11,2181036.0,0.99662133041362
BELIEVE,2173274,1110329.0,2173274.0,1.0
GOCHU,2169046,124016.0,5821294.0,0.37260547225410706
XVC,2168991,14.7,2168991.0,1.0
PEPEONTRON,2166416,47866.0,2166416.0,1.0
NXRA,2159319,15808.68,2367556.0,0.9120455862501246
PART,2155212,1652.81,2155212.0,1.0
401JK,2149348,36373.0,2149348.0,1.0
XNK,2145221,86242.0,2145221.0,1.0
MIGGLES,2142819,214657.0,2142819.0,1.0
FIAS,2141569,10922.36,4971743.0,0.430748129981779
GROK,2139726,262846.0,2233101.0,0.9581859485979363
GOLDN,2135539,35.24,2135539.0,1.0
USDCX,2132190,191644.0,2132190.0,1.0
LUCKY,2129030,14210.5,2129030.0,1.0
BRN,2117611,140456.0,2352910.0,0.8999965999549494
ERN,2116564,1684.76,2116564.0,1.0
COSA,2115294,22332.0,2115294.0,1.0
ORCLX,2114473,42963.0,100248467.0,0.02109232253895713
RARI,2113799,324134.0,2916087.0,0.7248751494725637
MANEKI,2113049,205928.0,2120300.0,0.9965802009149649
RAMP,2112174,443.13,2112174.0,1.0
SPCM,2109700,259059.0,9128030.0,0.23112325441524623
SWCH,2107934,290080.0,5875774.0,0.3587500131897517
MOBY,2107431,803119.0,2107431.0,1.0
TAROT,2105848,10408.45,3110558.0,0.6770000752276601
JWT,2104411,100881.0,2992178.0,0.7033040815085199
DHT,2102526,1106.04,3865825.0,0.5438751107460891
USDGLO,2098219,84076.0,2098219.0,1.0
10SET,2097056,171322.0,2097056.0,1.0
PANWON,2096623,153739.0,2096623.0,1.0
BB,2094127,194563.0,3165419.0,0.6615639193421156
SESH,2089291,791.82,3125469.0,0.6684727956028359
BRL1,2088608,1711344.0,2088608.0,1.0
OPN,2087954,15999.11,2087954.0,1.0
CTF,2087209,1.64,2087209.0,1.0
AUBRAI,2084462,9332.19,3023150.0,0.6895000248085607
FIH,2081439,61782.0,2081439.0,1.0
TRWA,2070571,137892.0,2956898.0,0.7002510739295031
HART,2070497,29319.0,2070981.0,0.999766294331044
COHRON,2064172,1478546.0,2064172.0,1.0
CHEQ,2063723,136177.0,2587771.0,0.7974905816627514
JESUS,2062581,7421.99,10248448.0,0.2012578880236305
ZEAL,2061479,4186.61,2061479.0,1.0
YOOSHI,2055717,43.69,2055717.0,1.0
EXC,2054180,39.45,10256775.0,0.20027542770510223
HAROLD,2049413,34441.0,2049413.0,1.0
FLX,2046819,1798.99,7622358.0,0.2685283215508902
ARIA20,2045035,14.85,3803944.0,0.5376091235833125
LIME,2037719,159173.0,2520102.0,0.8085859223158428
HTF,2032132,0.0,2032132.0,1.0
BAY,2032097,196340.0,10160484.0,0.20000001968410167
MYSTERY,2030208,0.0,2030208.0,1.0
ROAM,2022354,1105380.0,5738982.0,0.3523889776967413
ZINC,2021112,907655.0,2270547.0,0.8901432121863145
BOTTO,2017662,61363.0,4150149.0,0.4861661593354841
雪球人生,2013996,94130.0,2013996.0,1.0
NIKO,2013964,1971.95,2013964.0,1.0
ANDURIL,2010236,4239706.0,2010236.0,1.0
HI,2007344,2.53,3047912.0,0.6585964424169727
SOLPUMP,2005423,15157.73,3607841.0,0.5558512694988499
DAM,2003227,220320.0,10016548.0,0.1999917536460665
EXTRA,2000182,6491.54,3852584.0,0.5191793352202054
BMP,1997274,11864.93,1997274.0,1.0
AIPUMP,1996520,1603.05,4768757.0,0.4186667511051622
RBN,1996519,1.78,24091233.0,0.08287325933047926
SN91,1991695,122577.0,1991695.0,1.0
MDT,1985274,61345.0,3274302.0,0.6063197591425592
SAMO,1984446,11406.49,1984446.0,1.0
HNS,1981810,12624.41,1981871.0,0.9999692210037888
ELON,1977202,832505.0,14645943.0,0.13499997917512038
L1,1976683,1598.13,10991209.0,0.1798421811467692
HTR,1975734,73773.0,3331967.0,0.5929632556384862
LCC,1973131,44.69,1974094.0,0.9995121812841739
DEURO,1969736,30.41,1969736.0,1.0
VADER,1968461,68255.0,1968461.0,1.0
PUNDU,1966114,72652.0,1966114.0,1.0
MICHI,1956540,36309.0,1956540.0,1.0
XEL,1954146,20620.0,1954146.0,1.0
WOOP,1949655,9.9,1949655.0,1.0
AIXDROP,1948200,771948.0,1948200.0,1.0
MOODENG,1938877,375164.0,1938877.0,1.0
DUCX,1937658,30624.0,5419659.0,0.35752396968148736
DINGO,1935858,165582.0,1935858.0,1.0
MLT,1935299,4650.85,2643825.0,0.7320072243813415
PIGGY,1934313,61041.0,5050369.0,0.3830042913696009
GHOST,1929592,71751.0,1929592.0,1.0
GMTO,1928163,83807.0,9578272.0,0.20130593493273108
VERTAI,1925871,70980.0,1925871.0,1.0
IOT,1925103,95.89,19009610.0,0.10126998923176225
SN119,1923800,13516.15,1923800.0,1.0
CSWAP,1916204,25601.0,1916204.0,1.0
CBP,1914902,4086.69,1914902.0,1.0
SBUXON,1914402,254027.0,1914402.0,1.0
FLOW,1912837,31197.0,2391048.0,0.7999994144826871
FORTH,1912502,938562.0,2733417.0,0.6996744367946786
DIVER,1912438,7.84,2897633.0,0.6600000759240386
COPPERINU,1911626,725121.0,1911626.0,1.0
ASIA,1910984,46999.0,3821968.0,0.5
CAR,1910829,8283.32,1910829.0,1.0
MRE7BTC,1906789,20.1,1906789.0,1.0
PUPS,1904693,11981.6,1904693.0,1.0
KIT,1904354,2305.88,1904354.0,1.0
USDL,1898858,13595.81,1898858.0,1.0
SIX,1897094,218236.0,6929349.0,0.2737766563641115
VEIL,1895942,147562.0,2135854.0,0.8876739702245565
DOPU,1894589,228590.0,1894589.0,1.0
TROLL,1894160,111778.0,1894160.0,1.0
AURABAL,1891830,186.37,1891830.0,1.0
IRWA,1890914,204315.0,2702748.0,0.6996264542606266
TMON,1889833,398.78,1889833.0,1.0
PACT,1881596,9149.17,7038867.0,0.2673151801277109
HOUSE,1880855,2580470.0,1880855.0,1.0
DOUBT,1878457,35692.0,1878457.0,1.0
PIXL,1863145,12042.0,1863145.0,1.0
HIPPO,1862990,351948.0,1862990.0,1.0
BEETS-LEGACY,1862782,4.47,1862782.0,1.0
PAPARAZZI,1860014,22255.0,2678421.0,0.6944442266544356
SPS,1852958,5621.83,5024553.0,0.36878066566319434
KUMA,1849580,5.41,1849580.0,1.0
HGPT,1846345,333155.0,2042041.0,0.9041664687437716
GT3,1844843,2751.48,1844843.0,1.0
WIKEN,1842720,423751.0,1850683.0,0.9956972641992172
CDX,1842234,3311.72,1842234.0,1.0
SIPHER,1841122,12.8,2021300.0,0.9108603374066195
ANT,1839487,16.02,1984351.0,0.9269967863548334
PLTRX,1837703,33819.0,135316794.0,0.013580745934610304
IAERO,1834448,316.26,1834448.0,1.0
SN102,1833391,150237.0,1833391.0,1.0
PROS,1830814,60094.0,2044635.0,0.8954233885265586
MEMDEX,1827046,61413.0,1827046.0,1.0
STORM,1826938,122295.0,5037586.0,0.36266140171105765
SOCKS,1824688,58.4,1824688.0,1.0
SSUPERUSD,1823564,658.17,1823564.0,1.0
IDOS,1819062,763030.0,7105184.0,0.25601898557447633
RUSSELL,1817405,633001.0,1817405.0,1.0
DCOIN,1817081,2.2831e-07,1817081.0,1.0
SNOWON,1813917,2785037.0,1813917.0,1.0
BOB,1810526,6268.95,1810526.0,1.0
SSLX,1808426,143134.0,6527081.0,0.2770650463813763
CHOG,1806491,106267.0,1806491.0,1.0
GAMES,1806381,3548.58,1806381.0,1.0
LOCKIN,1802246,1267514.0,1802246.0,1.0
BUDDY,1801902,37215.0,1801902.0,1.0
BLKON,1799466,73626.0,1799466.0,1.0
ZNN,1799293,0.0,1799293.0,1.0
BOOE,1798720,8129.93,1798720.0,1.0
XDB,1796681,45535.0,1976665.0,0.9089456230570178
ALTT,1794676,10521.4,7325210.0,0.2449999385683141
KOKOP,1792743,208.42,1838711.0,0.974999877631667
WHALE,1791057,12.47,1791057.0,1.0
ODAI,1789645,66448.0,1875268.0,0.9543409262036147
BLND,1786147,3281.33,3400554.0,0.5252517678001879
OBOL,1783133,4383171.0,3026157.0,0.5892400823883229
PLU,1779958,67246.0,1792764.0,0.9928568400525669
MRVLX,1777831,171582.0,310305605.0,0.00572929064558792
FCM,1775232,387106.0,3550483.0,0.4999973243077069
EQIXON,1774330,79147.0,1774330.0,1.0
MZR,1773035,153.34,2266665.0,0.7822218986925725
XRPH,1771715,28660.0,1771715.0,1.0
BNBTIGER,1771214,17583.5,1940210.0,0.912898088351261
ASCEND,1770700,30708.0,2529572.0,0.6999998418704825
VEX,1770353,74183.0,1770353.0,1.0
ROCK,1769252,1434204.0,1769252.0,1.0
SIGNA,1767462,9554.61,1767462.0,1.0
SPURS,1765375,513315.0,5483429.0,0.3219472705856135
FNCT,1764726,74357.0,8511752.0,0.20732817403514575
CPH,1764056,56328.0,22277532.0,0.07918543221035436
V2EX,1762453,1365.91,1762453.0,1.0
CHUD,1757179,21124.0,1757179.0,1.0
BIDUON,1757161,58494.0,1757161.0,1.0
MAGA,1755660,512503.0,1755660.0,1.0
XDOGE,1754184,521.89,1754184.0,1.0
GHUB,1752908,113095.0,5236675.0,0.3347368320546912
CUBE,1744452,3484.21,4707485.0,0.3705698478062065
HYDX,1744046,85363.0,3770242.0,0.46258197749640473
PITCH,1743849,1261894.0,1743849.0,1.0
VON,1742842,1604542.0,1742842.0,1.0
雪球,1742725,551052.0,1742725.0,1.0
SEED,1741432,532.07,19651591.0,0.08861531872915532
NOOK,1737673,388681.0,1857517.0,0.9354816133580474
BOOP,1737219,13789.09,5552665.0,0.3128622022038066
RAGEGUY,1735153,211755.0,1735153.0,1.0
ALEX,1735017,131577.0,1774307.0,0.9778561432717111
LUCA,1734893,89182.0,1742065.0,0.9958830468438319
SERAPH,1730413,231355.0,5432311.0,0.31854085673666327
LAK3,1730083,86.41,1730083.0,1.0
CLOAK,1725637,0.443627,1728056.0,0.9986001611058901
KET,1725018,751.83,1725018.0,1.0
POLY,1721354,12149.8,15683698.0,0.10975434492553988
QBTSON,1721171,303654.0,1721171.0,1.0
RSUP,1715557,1072.6,5537842.0,0.3097880004521617
MTO,1714395,257.63,2657380.0,0.6451448419119584
ASTRA,1713154,156272.0,1713154.0,1.0
KAI,1713123,4952.06,1793846.0,0.9550000390223018
SHR,1712966,191985.0,2102676.0,0.8146599856563731
ROME,1712218,0.04047267,1712218.0,1.0
SIBYL,1706337,56290.0,2830322.0,0.6028773404580822
NRN,1700508,32398.0,3783675.0,0.44943289262423436
MONKY,1699385,45377.0,1699385.0,1.0
客服小何,1698073,168859.0,1725684.0,0.9839999675490994
BABYASTEROID,1696197,165378.0,1696197.0,1.0
SOLCEX,1693911,14701.4,1693911.0,1.0
XX,1684928,36237.0,4477544.0,0.3763062964875387
PUNCH,1681896,157447.0,1681896.0,1.0
SIGMA,1681553,958772.0,1681553.0,1.0
YURU,1681490,204519.0,2231327.0,0.7535829575853292
RTUSQ,1680688,99.57,1680688.0,1.0
XTER,1676387,4583146.0,11740549.0,0.14278608266104081
PALU,1676338,414968.0,1676338.0,1.0
YOCHI,1673632,137.41,1673632.0,1.0
TATO,1673440,3932.05,6650718.0,0.25161794561128586
ORNG,1673436,4803.12,5559588.0,0.3010000021584333
PUPDOGE,1671122,1.19,1671122.0,1.0
XEN,1669885,161080.0,1669885.0,1.0
SN26,1666206,125776.0,1666206.0,1.0
INDEX,1665981,43501.0,2165017.0,0.7695001933010226
CAGA,1663107,99.76,2621169.0,0.6344905650875621
URANUS,1660165,157584.0,1660165.0,1.0
HAI,1658196,96714.0,1990229.0,0.8331684444352886
KMD,1657577,0.504036,1657577.0,1.0
CLAWD,1655800,830218.0,1655800.0,1.0
ST,1655424,266424.0,29561137.0,0.05600001109564899
BENJI,1654348,130611.0,1654348.0,1.0
SN117,1653987,210666.0,1653987.0,1.0
CNGN,1653328,1432.49,1653328.0,1.0
DOGE-1,1646590,7058.92,1646590.0,1.0
TON,1645398,2373.72,2454707.0,0.670303217451207
UXLINK,1645109,261259.0,1919650.0,0.8569838251764644
VOY,1643474,19.08,1643474.0,1.0
MXNB,1642056,7792.11,1642056.0,1.0
GOATED,1639641,262898.0,15713199.0,0.1043480070480874
ION,1639245,103378.0,3048265.0,0.5377632850162305
MONSTRO,1638185,4660.14,2906211.0,0.563684123417054
KAKI,1636452,1.23,1636452.0,1.0
EXE,1634514,1876.63,1634514.0,1.0
LOL,1629658,497517.0,1629658.0,1.0
MCADE,1628651,79766.0,1781962.0,0.9139650564939095
RAI,1627159,304523.0,1627159.0,1.0
DEXNET,1621757,25.32,12160687.0,0.13336063990463698
RAT,1619612,36.09,1619612.0,1.0
VLX,1619351,315.73,1619351.0,1.0
NUB,1618007,244854.0,1618007.0,1.0
LINON,1614396,106084.0,1614396.0,1.0
EYED,1613591,25369.0,1794948.0,0.8989625326193293
TICO,1611708,32283.0,7560076.0,0.21318674574170948
XFI,1610950,131571.0,14427997.0,0.11165444517350537
FITFI,1610849,2047451.0,1621424.0,0.9934779551801379
TYBG,1610815,5415.69,1610815.0,1.0
FM,1608151,8162.09,59693604.0,0.026940088924769897
DSTRX,1606534,4118.16,1632022.0,0.9843825634703454
JETTON,1605820,82266.0,2664822.0,0.6025993480990475
TRA,1605142,469692.0,1923871.0,0.8343293287335793
GIZA,1604617,943792.0,4714848.0,0.3403327106197273
WHLP,1604269,754.51,1604269.0,1.0
KYVE,1603896,4026.73,1719728.0,0.9326451624908125
METAV,1600529,219305.0,1600529.0,1.0
